strut_id,defect,subtype,region,orientation,x0,y0,z0,x1,y1,z1,z_slice_from,z_slice_to,length_um,node0_state,node1_state,gap_um,surviving_piece_um,diameter_median_um,diameter_thinnest_um,bow_um,graph_hops,detached_at_joint
10,missing,dropped,boundary,vertical,64.0,55.0,109.5,100.62,57.12,66.5,66,110,3284.0,junction,junction,2059.0,0.0,,,,2,0
214,missing,dropped,boundary,vertical,761.75,87.25,69.12,724.0,89.47,110.27,69,110,3247.0,junction,junction,2201.0,0.0,,,,2,0
1666,missing,dropped,interior,vertical,456.64,680.5,110.36,456.11,640.44,69.31,69,110,3333.0,junction,junction,2033.0,0.0,,,,2,0
1728,missing,dropped,interior,flat,650.38,599.54,70.69,691.41,639.05,71.77,71,72,3310.0,junction,junction,2019.0,0.0,,,,2,0
1773,missing,node_lost,boundary,vertical,67.12,760.25,27.99,105.25,753.0,68.25,28,68,3249.0,absent,junction,1927.0,55.0,,,,-1,0
1774,missing,node_lost,boundary,vertical,66.98,760.28,106.62,105.25,753.0,68.25,68,107,3177.0,absent,junction,2477.0,108.0,,,,-1,0
1775,missing,dropped,boundary,vertical,143.25,752.25,106.75,105.25,753.0,68.25,68,107,3143.0,junction,junction,1811.0,53.0,,,,2,0
1802,missing,dropped,boundary,vertical,143.25,752.25,106.75,182.0,752.5,68.0,68,107,3184.0,junction,junction,1727.0,108.0,,,,2,0
1803,missing,dropped,boundary,vertical,223.0,751.5,107.5,182.0,752.5,68.0,68,108,3308.0,junction,junction,1794.0,112.0,,,,2,0
1829,missing,dropped,boundary,vertical,222.88,754.64,25.39,261.0,752.0,68.25,25,68,3336.0,partial,junction,1753.0,170.0,,,,-1,0
1830,missing,dropped,boundary,vertical,223.0,751.5,107.5,261.0,752.0,68.25,68,108,3174.0,junction,junction,1722.0,161.0,,,,2,0
1831,missing,dropped,boundary,vertical,300.0,751.25,108.25,261.0,752.0,68.25,68,108,3246.0,junction,junction,1761.0,110.0,,,,2,0
1856,missing,dropped,boundary,vertical,378.48,753.9,25.99,339.0,751.25,68.25,26,68,3364.0,partial,junction,1767.0,171.0,,,,-1,0
1858,missing,dropped,boundary,vertical,300.0,751.25,108.25,339.0,751.25,68.25,68,108,3246.0,junction,junction,1760.0,110.0,,,,2,0
1859,missing,dropped,boundary,vertical,378.0,750.75,108.5,339.0,751.25,68.25,68,108,3256.0,junction,junction,1821.0,110.0,,,,2,0
1885,missing,dropped,boundary,vertical,378.48,753.9,25.99,417.0,750.75,69.0,26,69,3360.0,partial,junction,1822.0,171.0,,,,-1,0
1886,missing,dropped,boundary,vertical,378.0,750.75,108.5,417.0,750.75,69.0,69,108,3225.0,junction,junction,1749.0,164.0,,,,2,0
1887,missing,dropped,boundary,vertical,456.0,750.5,108.5,417.0,750.75,69.0,69,108,3225.0,junction,junction,1749.0,164.0,,,,2,0
1914,missing,dropped,boundary,vertical,456.0,750.5,108.5,495.5,749.25,69.25,69,108,3236.0,junction,junction,1700.0,165.0,,,,2,0
1915,missing,dropped,boundary,vertical,533.75,749.5,108.75,495.5,749.25,69.25,69,109,3195.0,junction,junction,1787.0,108.0,,,,2,0
1942,missing,dropped,boundary,vertical,533.75,749.5,108.75,573.5,750.0,70.0,70,109,3225.0,junction,junction,1749.0,109.0,,,,2,0
1943,missing,dropped,boundary,vertical,612.75,748.75,109.0,573.5,750.0,70.0,70,109,3216.0,junction,junction,1799.0,109.0,,,,2,0
1969,missing,dropped,boundary,vertical,613.0,749.0,39.0,651.25,749.25,69.5,39,70,2842.0,junction,junction,1542.0,193.0,,,,2,0
1970,missing,dropped,boundary,vertical,612.75,748.75,109.0,651.25,749.25,69.5,70,109,3205.0,junction,junction,1738.0,109.0,,,,2,0
1971,missing,dropped,boundary,vertical,690.75,749.0,109.75,651.25,749.25,69.5,70,110,3277.0,junction,junction,1722.0,167.0,,,,2,0
2002,missing,dropped,boundary,vertical,690.75,749.0,109.75,729.75,748.25,70.75,71,110,3205.0,junction,junction,1792.0,109.0,,,,2,0
2003,missing,dropped,boundary,vertical,764.67,749.0,110.0,729.75,748.25,70.75,71,110,3052.0,junction,junction,1707.0,155.0,,,,2,0
2251,missing,dropped,boundary,flat,64.73,171.45,146.64,102.36,131.45,146.55,147,147,3191.0,junction,junction,2001.0,0.0,,,,2,0
2289,missing,dropped,interior,vertical,219.53,211.47,107.07,218.2,171.3,148.2,107,148,3341.0,junction,junction,1982.0,57.0,,,,2,0
2303,missing,dropped,interior,vertical,257.23,131.38,147.77,258.29,172.0,107.14,107,148,3338.0,junction,junction,2037.0,0.0,,,,2,0
2359,missing,dropped,interior,flat,452.73,210.6,108.08,492.31,169.06,108.68,108,109,3334.0,junction,junction,2034.0,57.0,,,,2,0
3256,missing,dropped,interior,flat,493.0,443.83,148.5,533.17,484.58,148.92,148,149,3324.0,junction,junction,2085.0,0.0,,,,2,0
3779,missing,node_lost,boundary,flat,66.98,760.28,106.62,104.89,722.56,107.56,107,108,3108.0,absent,junction,2581.0,0.0,,,,-1,0
3781,missing,node_lost,boundary,vertical,66.98,760.28,106.62,68.0,722.71,146.29,107,146,3175.0,absent,junction,2583.0,0.0,,,,-1,0
3788,missing,dropped,boundary,vertical,143.25,752.25,106.75,104.5,753.5,145.75,107,146,3195.0,junction,junction,1787.0,108.0,,,,2,0
3789,missing,node_lost,boundary,vertical,66.98,760.28,106.62,104.5,753.5,145.75,107,146,3174.0,absent,junction,2529.0,54.0,,,,-1,0
3790,missing,dropped,boundary,vertical,70.67,753.33,186.67,104.5,753.5,145.75,146,187,3085.0,junction,junction,1673.0,209.0,,,,2,0
3791,missing,dropped,boundary,vertical,140.33,753.0,185.0,104.5,753.5,145.75,146,185,3088.0,junction,junction,1780.0,157.0,,,,2,0
3816,missing,dropped,boundary,vertical,223.0,751.5,107.5,182.25,752.5,146.5,108,146,3278.0,junction,junction,1778.0,111.0,,,,2,0
3817,missing,dropped,boundary,vertical,143.25,752.25,106.75,182.25,752.5,146.5,107,146,3235.0,junction,junction,1755.0,165.0,,,,2,0
3819,missing,dropped,boundary,vertical,221.5,751.75,185.75,182.25,752.5,146.5,146,186,3225.0,junction,junction,1913.0,55.0,,,,2,0
3844,missing,dropped,boundary,vertical,300.0,751.25,108.25,261.25,752.0,147.25,108,147,3195.0,junction,junction,1733.0,108.0,,,,2,0
3845,missing,dropped,boundary,vertical,223.0,751.5,107.5,261.25,752.0,147.25,108,147,3205.0,junction,junction,1738.0,163.0,,,,2,0
3846,missing,dropped,boundary,vertical,221.5,751.75,185.75,261.25,752.0,147.25,147,186,3215.0,junction,junction,1744.0,109.0,,,,2,0
3847,missing,dropped,boundary,vertical,299.75,751.75,186.0,261.25,752.0,147.25,147,186,3174.0,junction,junction,1829.0,54.0,,,,2,0
3872,missing,dropped,boundary,vertical,378.0,750.75,108.5,338.5,751.25,147.0,108,147,3205.0,junction,junction,1793.0,109.0,,,,2,0
3873,missing,dropped,boundary,vertical,300.0,751.25,108.25,338.5,751.25,147.0,108,147,3174.0,junction,junction,1775.0,108.0,,,,2,0
3874,missing,dropped,boundary,vertical,299.75,751.75,186.0,338.5,751.25,147.0,147,186,3194.0,junction,junction,1787.0,108.0,,,,2,0
3875,missing,dropped,boundary,vertical,378.25,751.25,186.25,338.5,751.25,147.0,147,186,3246.0,junction,junction,1815.0,110.0,,,,2,0
3900,missing,dropped,boundary,vertical,456.0,750.5,108.5,417.25,750.5,147.0,108,147,3174.0,junction,junction,1775.0,108.0,,,,2,0
3901,missing,dropped,boundary,vertical,378.0,750.75,108.5,417.25,750.5,147.0,108,147,3194.0,junction,junction,1787.0,108.0,,,,2,0
3902,missing,dropped,boundary,vertical,378.25,751.25,186.25,417.25,750.5,147.0,147,186,3215.0,junction,junction,1798.0,109.0,,,,2,0
3903,missing,dropped,boundary,vertical,455.75,749.5,187.0,417.25,750.5,147.0,147,187,3226.0,junction,junction,1750.0,109.0,,,,2,0
3928,missing,dropped,boundary,vertical,533.75,749.5,108.75,495.5,750.5,147.75,109,148,3174.0,junction,junction,1775.0,108.0,,,,2,0
3929,missing,dropped,boundary,vertical,456.0,750.5,108.5,495.5,750.5,147.75,108,148,3235.0,junction,junction,1864.0,55.0,,,,2,0
3930,missing,dropped,boundary,vertical,455.75,749.5,187.0,495.5,750.5,147.75,148,187,3246.0,junction,junction,1706.0,165.0,,,,2,0
3931,missing,dropped,boundary,vertical,534.0,749.75,186.75,495.5,750.5,147.75,148,187,3184.0,junction,junction,1781.0,108.0,,,,2,0
3956,missing,dropped,boundary,vertical,612.75,748.75,109.0,572.75,749.5,148.25,109,148,3256.0,junction,junction,1766.0,166.0,,,,2,0
3957,missing,dropped,boundary,vertical,533.75,749.5,108.75,572.75,749.5,148.25,109,148,3225.0,junction,junction,1695.0,164.0,,,,2,0
3958,missing,dropped,boundary,vertical,534.0,749.75,186.75,572.75,749.5,148.25,148,187,3174.0,junction,junction,1721.0,161.0,,,,2,0
3959,missing,dropped,boundary,vertical,611.75,748.0,188.0,572.75,749.5,148.25,148,188,3237.0,junction,junction,1755.0,110.0,,,,2,0
3984,missing,dropped,boundary,vertical,690.75,749.0,109.75,651.5,749.25,147.25,110,147,3154.0,junction,junction,1711.0,160.0,,,,2,0
3985,missing,dropped,boundary,vertical,612.75,748.75,109.0,651.5,749.25,147.25,109,147,3164.0,junction,junction,1716.0,107.0,,,,2,0
3986,missing,dropped,boundary,vertical,611.75,748.0,188.0,651.5,749.25,147.25,147,188,3308.0,junction,junction,1738.0,168.0,,,,2,0
3987,missing,dropped,boundary,vertical,690.0,748.75,187.75,651.5,749.25,147.25,147,188,3247.0,junction,junction,1816.0,110.0,,,,2,0
4016,missing,dropped,boundary,vertical,764.67,749.0,110.0,729.0,748.25,148.75,110,149,3060.0,junction,junction,1660.0,207.0,,,,2,0
4017,missing,dropped,boundary,vertical,690.75,749.0,109.75,729.0,748.25,148.75,110,149,3174.0,junction,junction,1722.0,108.0,,,,2,0
4018,missing,dropped,boundary,vertical,690.0,748.75,187.75,729.0,748.25,148.75,149,188,3205.0,junction,junction,1792.0,109.0,,,,2,0
4101,missing,dropped,boundary,vertical,256.9,54.0,224.2,256.43,93.64,266.0,224,266,3347.0,junction,junction,2156.0,0.0,,,,2,0
4495,missing,dropped,interior,vertical,102.06,289.28,225.0,102.62,248.46,185.0,185,225,3320.0,junction,junction,2082.0,0.0,,,,2,0
4661,missing,dropped,interior,vertical,647.8,206.4,226.7,647.06,247.44,265.94,227,266,3300.0,junction,junction,2013.0,56.0,,,,2,0
4747,missing,dropped,interior,vertical,218.86,288.57,265.86,219.1,329.2,224.7,225,266,3360.0,junction,junction,2107.0,0.0,,,,2,0
4752,missing,dropped,interior,vertical,219.1,329.2,224.7,259.25,328.08,266.0,225,266,3347.0,junction,junction,2156.0,0.0,,,,2,0
4931,missing,dropped,interior,vertical,103.44,366.33,225.78,103.17,407.33,185.08,185,226,3356.0,junction,junction,2105.0,0.0,,,,2,0
5066,missing,dropped,interior,vertical,530.64,365.45,266.73,572.38,365.06,227.0,227,267,3348.0,junction,junction,2156.0,0.0,,,,2,0
5223,missing,dropped,interior,vertical,337.5,445.3,227.0,337.36,485.86,185.93,186,227,3354.0,junction,junction,2103.0,0.0,,,,2,0
5621,missing,dropped,interior,flat,299.64,603.09,186.05,259.07,643.86,186.0,186,186,3341.0,junction,junction,2095.0,0.0,,,,2,0
5804,missing,dropped,boundary,vertical,140.33,753.0,185.0,104.5,752.25,224.25,185,224,3088.0,junction,junction,1675.0,157.0,,,,2,0
5805,missing,dropped,boundary,vertical,70.67,753.33,186.67,104.5,752.25,224.25,187,224,2939.0,junction,junction,1644.0,199.0,,,,2,0
5807,missing,dropped,boundary,vertical,143.0,752.75,263.75,104.5,752.25,224.25,224,264,3205.0,junction,junction,1738.0,109.0,,,,2,0
5823,missing,dropped,boundary,flat,140.33,753.0,185.0,183.42,721.83,186.08,185,186,3090.0,junction,junction,2147.0,52.0,,,,2,0
5832,missing,dropped,boundary,vertical,221.5,751.75,185.75,181.75,752.0,225.25,186,225,3256.0,junction,junction,1766.0,166.0,,,,2,0
5834,missing,dropped,boundary,vertical,143.0,752.75,263.75,181.75,752.0,225.25,225,264,3174.0,junction,junction,1829.0,54.0,,,,2,0
5835,missing,dropped,boundary,vertical,220.75,751.75,264.25,181.75,752.0,225.25,225,264,3204.0,junction,junction,1738.0,163.0,,,,2,0
5860,missing,dropped,boundary,vertical,299.75,751.75,186.0,260.75,752.25,225.25,186,225,3215.0,junction,junction,1853.0,54.0,,,,2,0
5861,missing,dropped,boundary,vertical,221.5,751.75,185.75,260.75,752.25,225.25,186,225,3235.0,junction,junction,1755.0,110.0,,,,2,0
5862,missing,dropped,boundary,vertical,220.75,751.75,264.25,260.75,752.25,225.25,225,264,3246.0,junction,junction,1816.0,110.0,,,,2,0
5863,missing,dropped,boundary,vertical,299.0,751.5,265.0,260.75,752.25,225.25,225,265,3205.0,junction,junction,1847.0,54.0,,,,2,0
5888,missing,dropped,boundary,vertical,378.25,751.25,186.25,339.0,750.75,225.75,186,226,3235.0,junction,junction,1810.0,110.0,,,,2,0
5889,missing,dropped,boundary,vertical,299.75,751.75,186.0,339.0,750.75,225.75,186,226,3246.0,junction,junction,1816.0,110.0,,,,2,0
5890,missing,dropped,boundary,vertical,299.0,751.5,265.0,339.0,750.75,225.75,226,265,3256.0,junction,junction,1821.0,110.0,,,,2,0
5891,missing,dropped,boundary,vertical,376.75,751.0,264.75,339.0,750.75,225.75,226,265,3154.0,junction,junction,1764.0,107.0,,,,2,0
5916,missing,dropped,boundary,vertical,455.75,749.5,187.0,416.75,751.0,225.5,187,226,3185.0,junction,junction,1728.0,108.0,,,,2,0
5917,missing,dropped,boundary,vertical,378.25,751.25,186.25,416.75,751.0,225.5,186,226,3194.0,junction,junction,1787.0,108.0,,,,2,0
5918,missing,dropped,boundary,vertical,376.75,751.0,264.75,416.75,751.0,225.5,226,265,3256.0,junction,junction,1766.0,110.0,,,,2,0
5919,missing,dropped,boundary,vertical,455.75,750.5,265.75,416.75,751.0,225.5,226,266,3256.0,junction,junction,1821.0,110.0,,,,2,0
5944,missing,dropped,boundary,vertical,534.0,749.75,186.75,495.5,750.75,226.0,187,226,3195.0,junction,junction,1841.0,54.0,,,,2,0
5945,missing,dropped,boundary,vertical,455.75,749.5,187.0,495.5,750.75,226.0,187,226,3236.0,junction,junction,1865.0,55.0,,,,2,0
5946,missing,dropped,boundary,vertical,455.75,750.5,265.75,495.5,750.75,226.0,226,266,3266.0,junction,junction,1827.0,111.0,,,,2,0
5947,missing,dropped,boundary,vertical,534.5,750.0,265.75,495.5,750.75,226.0,226,266,3236.0,junction,junction,1810.0,110.0,,,,2,0
5972,missing,dropped,boundary,vertical,611.75,748.0,188.0,572.25,749.25,226.5,188,226,3206.0,junction,junction,1793.0,109.0,,,,2,0
5973,missing,dropped,boundary,vertical,534.0,749.75,186.75,572.25,749.25,226.5,187,226,3205.0,junction,junction,1847.0,109.0,,,,2,0
5974,missing,dropped,boundary,vertical,534.5,750.0,265.75,572.25,749.25,226.5,226,266,3164.0,junction,junction,1716.0,107.0,,,,2,0
5975,missing,dropped,boundary,vertical,611.75,749.25,266.75,572.25,749.25,226.5,226,267,3277.0,junction,junction,1722.0,167.0,,,,2,0
6000,missing,dropped,boundary,vertical,690.0,748.75,187.75,651.25,749.5,227.0,188,227,3205.0,junction,junction,1738.0,163.0,,,,2,0
6001,missing,dropped,boundary,vertical,611.75,748.0,188.0,651.25,749.5,227.0,188,227,3226.0,junction,junction,1859.0,55.0,,,,2,0
6002,missing,dropped,boundary,vertical,611.75,749.25,266.75,651.25,749.5,227.0,227,267,3256.0,junction,junction,1876.0,110.0,,,,2,0
6003,missing,dropped,boundary,vertical,690.0,749.0,265.75,651.25,749.5,227.0,227,266,3184.0,junction,junction,1781.0,108.0,,,,2,0
6033,missing,dropped,boundary,vertical,690.0,748.75,187.75,728.5,748.25,226.75,188,227,3184.0,junction,junction,1781.0,108.0,,,,2,0
6034,missing,dropped,boundary,vertical,690.0,749.0,265.75,728.5,748.25,226.75,227,266,3184.0,junction,junction,1673.0,162.0,,,,2,0
6035,missing,dropped,boundary,vertical,763.67,747.67,267.33,728.5,748.25,226.75,227,267,3120.0,junction,junction,1639.0,212.0,,,,2,0
6166,missing,dropped,interior,vertical,412.82,126.86,308.32,413.56,89.33,343.11,308,343,2973.0,junction,junction,1865.0,0.0,,,,2,0
6234,missing,dropped,interior,vertical,686.17,88.0,305.17,647.45,89.55,346.68,305,347,3299.0,junction,junction,2181.0,0.0,,,,2,0
6259,missing,dropped,boundary,flat,686.17,88.0,305.17,724.33,51.75,307.83,305,308,3062.0,junction,junction,1920.0,0.0,,,,2,0
6670,missing,dropped,interior,flat,607.73,246.09,305.27,648.13,286.41,305.92,305,306,3316.0,junction,junction,2080.0,0.0,,,,2,0
7225,missing,dropped,interior,vertical,298.42,525.08,263.75,298.15,484.62,304.31,264,304,3329.0,junction,junction,2031.0,0.0,,,,2,0
7420,missing,dropped,interior,vertical,220.2,524.0,263.93,220.91,565.27,304.0,264,304,3342.0,junction,junction,2153.0,0.0,,,,2,0
7706,missing,dropped,interior,vertical,416.27,682.18,304.0,416.0,640.9,344.2,304,344,3348.0,junction,junction,2156.0,0.0,,,,2,0
7820,missing,dropped,boundary,vertical,143.0,752.75,263.75,104.25,753.25,303.0,264,303,3205.0,junction,junction,1684.0,163.0,,,,2,0
7822,missing,dropped,boundary,vertical,69.0,754.0,342.0,104.25,753.25,303.0,303,342,3055.0,junction,junction,1709.0,155.0,,,,2,0
7823,missing,dropped,boundary,vertical,142.5,752.75,342.5,104.25,753.25,303.0,303,342,3195.0,junction,junction,1733.0,108.0,,,,2,0
7848,missing,dropped,boundary,vertical,220.75,751.75,264.25,182.25,752.75,302.75,264,303,3164.0,junction,junction,1770.0,107.0,,,,2,0
7849,missing,dropped,boundary,vertical,143.0,752.75,263.75,182.25,752.75,302.75,264,303,3215.0,junction,junction,1798.0,109.0,,,,2,0
7850,missing,dropped,boundary,vertical,142.5,752.75,342.5,182.25,752.75,302.75,303,342,3266.0,junction,junction,1771.0,111.0,,,,2,0
7851,missing,dropped,boundary,vertical,220.5,751.75,342.75,182.25,752.75,302.75,303,343,3216.0,junction,junction,1853.0,55.0,,,,2,0
7876,missing,dropped,boundary,vertical,299.0,751.5,265.0,259.75,751.0,303.75,265,304,3205.0,junction,junction,1738.0,163.0,,,,2,0
7877,missing,dropped,boundary,vertical,220.75,751.75,264.25,259.75,751.0,303.75,264,304,3225.0,junction,junction,1804.0,109.0,,,,2,0
7878,missing,dropped,boundary,vertical,220.5,751.75,342.75,259.75,751.0,303.75,304,343,3215.0,junction,junction,1744.0,109.0,,,,2,0
7879,missing,dropped,boundary,vertical,299.25,752.0,343.5,259.75,751.0,303.75,304,344,3256.0,junction,junction,1821.0,110.0,,,,2,0
7904,missing,dropped,boundary,vertical,376.75,751.0,264.75,338.0,751.75,304.0,265,304,3205.0,junction,junction,1847.0,54.0,,,,2,0
7905,missing,dropped,boundary,vertical,299.0,751.5,265.0,338.0,751.75,304.0,265,304,3204.0,junction,junction,1847.0,54.0,,,,2,0
7906,missing,dropped,boundary,vertical,299.25,752.0,343.5,338.0,751.75,304.0,304,344,3215.0,junction,junction,1798.0,109.0,,,,2,0
7907,missing,dropped,boundary,vertical,377.25,750.75,343.5,338.0,751.75,304.0,304,344,3236.0,junction,junction,1810.0,110.0,,,,2,0
7932,missing,dropped,boundary,vertical,455.75,750.5,265.75,416.25,751.25,304.75,266,305,3225.0,junction,junction,1804.0,109.0,,,,2,0
7933,missing,dropped,boundary,vertical,376.75,751.0,264.75,416.25,751.25,304.75,265,305,3266.0,junction,junction,1716.0,166.0,,,,2,0
7934,missing,dropped,boundary,vertical,377.25,750.75,343.5,416.25,751.25,304.75,305,344,3194.0,junction,junction,1787.0,108.0,,,,2,0
7935,missing,dropped,boundary,vertical,455.5,750.5,343.25,416.25,751.25,304.75,305,343,3195.0,junction,junction,1787.0,108.0,,,,2,0
7960,missing,dropped,boundary,vertical,534.5,750.0,265.75,494.75,750.25,304.75,266,305,3235.0,junction,junction,1700.0,165.0,,,,2,0
7961,missing,dropped,boundary,vertical,455.75,750.5,265.75,494.75,750.25,304.75,266,305,3204.0,junction,junction,1847.0,54.0,,,,2,0
7962,missing,dropped,boundary,vertical,455.5,750.5,343.25,494.75,750.25,304.75,305,343,3194.0,junction,junction,1787.0,108.0,,,,2,0
7963,missing,dropped,boundary,vertical,533.75,750.5,343.75,494.75,750.25,304.75,305,344,3204.0,junction,junction,1847.0,54.0,,,,2,0
7988,missing,dropped,boundary,vertical,611.75,749.25,266.75,573.0,750.5,305.5,267,306,3185.0,junction,junction,1781.0,108.0,,,,2,0
7989,missing,dropped,boundary,vertical,534.5,750.0,265.75,573.0,750.5,305.5,266,306,3215.0,junction,junction,1798.0,109.0,,,,2,0
7990,missing,dropped,boundary,vertical,533.75,750.5,343.75,573.0,750.5,305.5,306,344,3184.0,junction,junction,1781.0,108.0,,,,2,0
7991,missing,dropped,boundary,vertical,611.25,750.0,344.25,573.0,750.5,305.5,306,344,3164.0,junction,junction,1877.0,54.0,,,,2,0
8016,missing,dropped,boundary,vertical,690.0,749.0,265.75,650.75,749.0,306.0,266,306,3266.0,junction,junction,1716.0,166.0,,,,2,0
8017,missing,dropped,boundary,vertical,611.75,749.25,266.75,650.75,749.0,306.0,267,306,3215.0,junction,junction,1798.0,109.0,,,,2,0
8018,missing,dropped,boundary,vertical,611.25,750.0,344.25,650.75,749.0,306.0,306,344,3195.0,junction,junction,1787.0,108.0,,,,2,0
8019,missing,dropped,boundary,vertical,689.5,749.75,344.5,650.75,749.0,306.0,306,344,3174.0,junction,junction,1775.0,108.0,,,,2,0
8048,missing,dropped,boundary,vertical,763.67,747.67,267.33,728.25,748.5,306.0,267,306,3047.0,junction,junction,1704.0,207.0,,,,2,0
8049,missing,dropped,boundary,vertical,690.0,749.0,265.75,728.25,748.5,306.0,266,306,3226.0,junction,junction,1804.0,109.0,,,,2,0
8050,missing,dropped,boundary,vertical,689.5,749.75,344.5,728.25,748.5,306.0,306,344,3175.0,junction,junction,1776.0,108.0,,,,2,0
8051,missing,dropped,boundary,vertical,763.5,749.0,340.0,728.25,748.5,306.0,306,340,2846.0,junction,junction,1785.0,193.0,,,,99,0
8114,missing,dropped,interior,flat,296.5,132.08,343.75,255.5,91.93,343.29,343,344,3334.0,junction,junction,2091.0,0.0,,,,2,0
8136,missing,dropped,boundary,flat,294.8,53.6,342.4,344.42,86.95,335.05,335,342,3500.0,junction,junction,1898.0,178.0,,,,2,0
8164,missing,dropped,boundary,vertical,377.0,55.87,344.0,378.2,85.76,381.38,344,381,2782.0,junction,junction,1980.0,0.0,,,,2,0
8442,missing,dropped,interior,flat,528.17,169.21,382.12,573.92,205.42,379.62,380,382,3393.0,junction,junction,2013.0,58.0,,,,2,0
8764,missing,dropped,interior,vertical,219.89,328.58,382.49,179.73,328.0,342.27,342,382,3302.0,partial,junction,2183.0,0.0,,,,-1,0
8823,missing,dropped,interior,flat,373.8,367.03,342.73,414.9,327.1,344.3,343,344,3331.0,junction,junction,2089.0,0.0,,,,2,0
9273,missing,dropped,interior,vertical,374.51,486.03,382.61,416.11,485.33,343.89,344,383,3302.0,junction,junction,2183.0,0.0,,,,2,0
9303,missing,dropped,interior,vertical,493.18,444.36,384.09,493.45,484.82,343.64,344,384,3324.0,junction,junction,2085.0,0.0,,,,2,0
9329,missing,dropped,interior,vertical,571.09,443.45,383.18,572.0,484.44,423.12,383,423,3325.0,junction,junction,2029.0,0.0,,,,2,0
9597,missing,dropped,boundary,flat,763.98,559.1,382.76,726.86,600.79,384.64,383,385,3245.0,junction,junction,1980.0,55.0,,,,2,0
9778,missing,node_lost,interior,vertical,610.86,678.47,423.15,610.92,640.5,383.0,383,423,3211.0,absent,junction,2503.0,109.0,,,,-1,0
9836,missing,dropped,boundary,vertical,142.5,752.75,342.5,104.0,753.75,381.0,342,381,3164.0,junction,junction,1770.0,107.0,,,,2,0
9837,missing,dropped,boundary,vertical,69.0,754.0,342.0,104.0,753.75,381.0,342,381,3045.0,junction,junction,1703.0,155.0,,,,2,0
9838,missing,dropped,boundary,vertical,69.33,753.0,419.33,104.0,753.75,381.0,381,419,3003.0,junction,junction,1731.0,204.0,,,,2,0
9839,missing,dropped,boundary,vertical,142.75,751.75,421.75,104.0,753.75,381.0,381,422,3269.0,junction,junction,1773.0,111.0,,,,2,0
9864,missing,dropped,boundary,vertical,220.5,751.75,342.75,181.75,752.25,382.0,343,382,3205.0,junction,junction,1738.0,109.0,,,,2,0
9865,missing,dropped,boundary,vertical,142.5,752.75,342.5,181.75,752.25,382.0,342,382,3235.0,junction,junction,1755.0,110.0,,,,2,0
9866,missing,dropped,boundary,vertical,142.75,751.75,421.75,181.75,752.25,382.0,382,422,3236.0,junction,junction,1755.0,110.0,,,,2,0
9867,missing,dropped,boundary,vertical,220.75,752.25,421.75,181.75,752.25,382.0,382,422,3235.0,junction,junction,1810.0,110.0,,,,2,0
9892,missing,dropped,boundary,vertical,299.25,752.0,343.5,259.75,752.5,382.25,344,382,3215.0,junction,junction,1798.0,109.0,,,,2,0
9893,missing,dropped,boundary,vertical,220.5,751.75,342.75,259.75,752.5,382.25,343,382,3236.0,junction,junction,1810.0,110.0,,,,2,0
9894,missing,dropped,boundary,vertical,220.75,752.25,421.75,259.75,752.5,382.25,382,422,3225.0,junction,junction,1804.0,109.0,,,,2,0
9895,missing,dropped,boundary,vertical,299.25,752.5,421.5,259.75,752.5,382.25,382,422,3235.0,junction,junction,1810.0,110.0,,,,2,0
9920,missing,dropped,boundary,vertical,377.25,750.75,343.5,338.0,751.0,382.0,344,382,3194.0,junction,junction,1787.0,108.0,,,,2,0
9921,missing,dropped,boundary,vertical,299.25,752.0,343.5,338.0,751.0,382.0,344,382,3174.0,junction,junction,1829.0,54.0,,,,2,0
9922,missing,dropped,boundary,vertical,299.25,752.5,421.5,338.0,751.0,382.0,382,422,3216.0,junction,junction,1853.0,55.0,,,,2,0
9923,missing,dropped,boundary,vertical,376.75,751.75,421.25,338.0,751.0,382.0,382,421,3205.0,junction,junction,1793.0,109.0,,,,2,0
9948,missing,dropped,boundary,vertical,455.5,750.5,343.25,416.25,751.5,383.0,343,383,3246.0,junction,junction,1761.0,110.0,,,,2,0
9949,missing,dropped,boundary,vertical,377.25,750.75,343.5,416.25,751.5,383.0,344,383,3225.0,junction,junction,1859.0,55.0,,,,2,0
9950,missing,dropped,boundary,vertical,376.75,751.75,421.25,416.25,751.5,383.0,383,421,3195.0,junction,junction,1841.0,54.0,,,,2,0
9951,missing,dropped,boundary,vertical,454.75,751.5,422.25,416.25,751.5,383.0,383,422,3194.0,junction,junction,1895.0,54.0,,,,2,0
9976,missing,dropped,boundary,vertical,533.75,750.5,343.75,494.75,750.75,383.0,344,383,3215.0,junction,junction,1853.0,54.0,,,,2,0
9977,missing,dropped,boundary,vertical,455.5,750.5,343.25,494.75,750.75,383.0,343,383,3246.0,junction,junction,1815.0,110.0,,,,2,0
9978,missing,dropped,boundary,vertical,454.75,751.5,422.25,494.75,750.75,383.0,383,422,3256.0,junction,junction,1876.0,55.0,,,,2,0
9979,missing,dropped,boundary,vertical,534.0,750.0,423.0,494.75,750.75,383.0,383,423,3256.0,junction,junction,1821.0,110.0,,,,2,0
10003,missing,node_lost,interior,vertical,610.86,678.47,423.15,571.73,680.27,382.82,383,423,3267.0,absent,junction,2713.0,0.0,,,,-1,0
10004,missing,dropped,boundary,vertical,611.25,750.0,344.25,572.25,750.0,383.5,344,384,3215.0,junction,junction,1798.0,109.0,,,,2,0
10005,missing,dropped,boundary,vertical,533.75,750.5,343.75,572.25,750.0,383.5,344,384,3215.0,junction,junction,1798.0,109.0,,,,2,0
10006,missing,dropped,boundary,vertical,534.0,750.0,423.0,572.25,750.0,383.5,384,423,3195.0,junction,junction,1679.0,162.0,,,,2,0
10007,missing,dropped,boundary,vertical,611.5,750.25,423.25,572.25,750.0,383.5,384,423,3246.0,junction,junction,1815.0,110.0,,,,2,0
10027,missing,node_lost,interior,vertical,610.86,678.47,423.15,615.35,720.59,386.65,387,423,3248.0,absent,junction,2753.0,0.0,,,,-1,0
10030,missing,node_lost,interior,vertical,610.86,678.47,423.15,651.31,680.46,383.38,383,423,3297.0,absent,junction,2794.0,0.0,,,,-1,0
10032,missing,dropped,boundary,vertical,689.5,749.75,344.5,651.67,749.33,380.33,344,380,3028.0,junction,junction,1693.0,154.0,,,,2,0
10034,missing,dropped,boundary,vertical,611.5,750.25,423.25,651.67,749.33,380.33,380,423,3416.0,junction,junction,1795.0,174.0,,,,2,0
10057,missing,dropped,boundary,vertical,763.5,749.0,340.0,766.75,723.88,379.38,340,379,2720.0,junction,junction,1614.0,138.0,,,,99,0
10065,missing,dropped,boundary,vertical,689.5,749.75,344.5,729.0,750.0,383.5,344,384,3225.0,junction,junction,1804.0,109.0,,,,2,0
10066,missing,dropped,boundary,vertical,690.0,750.5,423.0,729.0,750.0,383.5,384,423,3225.0,junction,junction,1859.0,55.0,,,,2,0
10067,missing,dropped,boundary,vertical,763.0,749.0,423.33,729.0,750.0,383.5,384,423,3043.0,junction,junction,1702.0,206.0,,,,2,0
10298,missing,dropped,interior,vertical,725.5,128.1,461.4,724.93,87.18,502.11,461,502,3354.0,junction,junction,2160.0,0.0,,,,2,0
10948,missing,dropped,interior,vertical,685.62,324.44,462.38,725.82,324.27,502.82,462,503,3313.0,junction,junction,2190.0,0.0,,,,2,0
11650,missing,node_lost,interior,vertical,143.66,681.58,500.03,142.46,643.0,459.62,460,500,3247.0,absent,junction,2697.0,0.0,,,,-1,0
11766,missing,node_lost,interior,flat,610.86,678.47,423.15,571.25,640.67,423.17,423,423,3182.0,absent,junction,2534.0,54.0,,,,-1,0
11791,missing,node_lost,interior,flat,610.86,678.47,423.15,649.85,638.97,423.31,423,423,3225.0,absent,partial,2678.0,0.0,,,,-1,0
11793,missing,node_lost,interior,vertical,610.86,678.47,423.15,610.71,639.43,462.52,423,463,3222.0,absent,partial,2621.0,0.0,,,,-1,0
11851,missing,node_lost,interior,vertical,143.66,681.58,500.03,102.64,683.18,460.11,460,500,3327.0,absent,junction,2820.0,0.0,,,,-1,0
11852,missing,dropped,boundary,vertical,142.75,751.75,421.75,104.0,752.0,460.75,422,461,3194.0,junction,junction,1787.0,108.0,,,,2,0
11854,missing,dropped,boundary,vertical,68.33,753.67,499.0,104.0,752.0,460.75,461,499,3040.0,junction,junction,1649.0,155.0,,,,2,0
11855,missing,dropped,boundary,vertical,141.5,752.5,498.75,104.0,752.0,460.75,461,499,3102.0,junction,junction,1735.0,105.0,,,,2,0
11875,missing,node_lost,boundary,vertical,143.66,681.58,500.03,143.6,724.0,459.95,460,500,3391.0,absent,junction,2759.0,0.0,,,,-1,0
11878,missing,node_lost,interior,vertical,143.66,681.58,500.03,182.27,683.0,459.82,460,500,3240.0,absent,junction,2691.0,0.0,,,,-1,0
11880,missing,dropped,boundary,vertical,220.75,752.25,421.75,181.25,752.25,460.0,422,460,3195.0,junction,junction,1733.0,108.0,,,,2,0
11881,missing,dropped,boundary,vertical,142.75,751.75,421.75,181.25,752.25,460.0,422,460,3153.0,junction,junction,1764.0,107.0,,,,2,0
11882,missing,dropped,boundary,vertical,141.5,752.5,498.75,181.25,752.25,460.0,460,499,3225.0,junction,junction,1695.0,164.0,,,,2,0
11883,missing,dropped,boundary,vertical,220.5,752.25,499.5,181.25,752.25,460.0,460,500,3235.0,junction,junction,1755.0,110.0,,,,2,0
11908,missing,dropped,boundary,vertical,299.25,752.5,421.5,259.5,751.75,460.25,422,460,3226.0,junction,junction,1804.0,109.0,,,,2,0
11909,missing,dropped,boundary,vertical,220.75,752.25,421.75,259.5,751.75,460.25,422,460,3174.0,junction,junction,1829.0,54.0,,,,2,0
11910,missing,dropped,boundary,vertical,220.5,752.25,499.5,259.5,751.75,460.25,460,500,3215.0,junction,junction,1798.0,109.0,,,,2,0
11911,missing,dropped,boundary,vertical,298.5,752.5,500.25,259.5,751.75,460.25,460,500,3246.0,junction,junction,1816.0,110.0,,,,2,0
11936,missing,dropped,boundary,vertical,376.75,751.75,421.25,338.0,751.75,461.25,421,461,3236.0,junction,junction,1810.0,110.0,,,,2,0
11937,missing,dropped,boundary,vertical,299.25,752.5,421.5,338.0,751.75,461.25,422,461,3226.0,junction,junction,1859.0,55.0,,,,2,0
11938,missing,dropped,boundary,vertical,298.5,752.5,500.25,338.0,751.75,461.25,461,500,3225.0,junction,junction,1804.0,109.0,,,,2,0
11939,missing,dropped,boundary,vertical,377.0,752.25,500.25,338.0,751.75,461.25,461,500,3205.0,junction,junction,1847.0,54.0,,,,2,0
11963,missing,dropped,interior,vertical,456.2,681.6,502.0,415.5,681.64,460.93,461,502,3359.0,junction,junction,2221.0,0.0,,,,2,0
11964,missing,dropped,boundary,vertical,454.75,751.5,422.25,416.0,751.0,461.0,422,461,3184.0,junction,junction,1781.0,108.0,,,,2,0
11965,missing,dropped,boundary,vertical,376.75,751.75,421.25,416.0,751.0,461.0,421,461,3246.0,junction,junction,1816.0,110.0,,,,2,0
11966,missing,dropped,boundary,vertical,377.0,752.25,500.25,416.0,751.0,461.0,461,500,3216.0,junction,junction,1853.0,55.0,,,,2,0
11967,missing,dropped,boundary,vertical,455.5,751.0,500.75,416.0,751.0,461.0,461,501,3256.0,junction,junction,1766.0,110.0,,,,2,0
11984,missing,dropped,boundary,vertical,455.42,680.58,422.0,454.94,722.17,461.39,422,461,3328.0,junction,junction,2087.0,0.0,,,,2,0
11992,missing,dropped,boundary,vertical,534.0,750.0,423.0,494.5,750.5,461.5,423,462,3205.0,junction,junction,1738.0,109.0,,,,2,0
11993,missing,dropped,boundary,vertical,454.75,751.5,422.25,494.5,750.5,461.5,422,462,3246.0,junction,junction,1816.0,110.0,,,,2,0
11994,missing,dropped,boundary,vertical,455.5,751.0,500.75,494.5,750.5,461.5,462,501,3215.0,junction,junction,1798.0,109.0,,,,2,0
11995,missing,dropped,boundary,vertical,533.25,750.25,500.5,494.5,750.5,461.5,462,500,3194.0,junction,junction,1787.0,108.0,,,,2,0
12009,missing,node_lost,interior,flat,610.86,678.47,423.15,572.18,721.45,423.36,423,423,3360.0,absent,junction,2733.0,0.0,,,,-1,0
12017,missing,node_lost,interior,vertical,610.86,678.47,423.15,571.22,681.78,461.94,423,462,3228.0,absent,junction,2736.0,0.0,,,,-1,0
12020,missing,dropped,boundary,vertical,611.5,750.25,423.25,572.75,750.25,461.0,423,461,3143.0,junction,junction,1811.0,53.0,,,,2,0
12021,missing,dropped,boundary,vertical,534.0,750.0,423.0,572.75,750.25,461.0,423,461,3153.0,junction,junction,1764.0,107.0,,,,2,0
12022,missing,dropped,boundary,vertical,533.25,750.25,500.5,572.75,750.25,461.0,461,500,3246.0,junction,junction,1760.0,110.0,,,,2,0
12023,missing,dropped,boundary,vertical,612.0,750.5,501.25,572.75,750.25,461.0,461,501,3266.0,junction,junction,1827.0,111.0,,,,2,0
12036,missing,node_lost,interior,flat,610.86,678.47,423.15,652.39,719.78,424.06,423,424,3403.0,absent,junction,2769.0,0.0,,,,-1,0
12040,missing,node_lost,interior,vertical,610.86,678.47,423.15,611.38,720.5,463.0,423,463,3365.0,absent,junction,2795.0,0.0,,,,-1,0
12044,missing,node_lost,interior,vertical,610.86,678.47,423.15,650.4,679.8,463.6,423,464,3287.0,absent,junction,2786.0,0.0,,,,-1,0
12048,missing,dropped,boundary,vertical,690.0,750.5,423.0,650.25,750.25,462.0,423,462,3235.0,junction,junction,1810.0,110.0,,,,2,0
12049,missing,dropped,boundary,vertical,611.5,750.25,423.25,650.25,750.25,462.0,423,462,3184.0,junction,junction,1835.0,54.0,,,,2,0
12050,missing,dropped,boundary,vertical,612.0,750.5,501.25,650.25,750.25,462.0,462,501,3184.0,junction,junction,1835.0,54.0,,,,2,0
12051,missing,dropped,boundary,vertical,689.5,749.25,501.5,650.25,750.25,462.0,462,502,3236.0,junction,junction,1755.0,110.0,,,,2,0
12080,missing,dropped,boundary,vertical,763.0,749.0,423.33,728.75,750.0,462.25,423,462,3013.0,junction,junction,1634.0,204.0,,,,2,0
12081,missing,dropped,boundary,vertical,690.0,750.5,423.0,728.75,750.0,462.25,423,462,3205.0,junction,junction,1847.0,54.0,,,,2,0
12082,missing,dropped,boundary,vertical,689.5,749.25,501.5,728.75,750.0,462.25,462,502,3225.0,junction,junction,1804.0,109.0,,,,2,0
12083,missing,dropped,boundary,vertical,762.0,749.0,502.33,728.75,750.0,462.25,462,502,3026.0,junction,junction,1590.0,205.0,,,,2,0
12281,missing,dropped,interior,flat,685.94,88.62,540.69,646.64,130.64,541.0,541,541,3342.0,junction,junction,2096.0,0.0,,,,2,0
12286,missing,dropped,interior,vertical,646.64,130.64,541.0,646.14,89.92,580.22,541,580,3285.0,junction,junction,2116.0,0.0,,,,2,0
12488,missing,dropped,interior,vertical,608.08,129.62,501.08,607.89,169.11,542.33,501,542,3318.0,junction,junction,1969.0,56.0,,,,2,0
12619,missing,dropped,interior,vertical,375.56,208.86,580.81,340.84,210.92,533.85,534,581,3395.0,junction,junction,2071.0,58.0,,,,2,0
12639,missing,dropped,interior,vertical,375.56,208.86,580.81,373.69,249.92,539.31,539,581,3394.0,junction,junction,2013.0,58.0,,,,2,0
12709,missing,dropped,interior,vertical,609.09,288.18,501.27,608.3,246.6,541.0,501,541,3342.0,junction,junction,2096.0,0.0,,,,2,0
13061,missing,dropped,interior,vertical,296.54,407.15,540.31,336.92,406.69,499.54,500,540,3334.0,junction,junction,2204.0,0.0,,,,2,0
13232,missing,dropped,interior,vertical,141.19,485.19,538.0,181.36,486.29,579.79,538,580,3368.0,junction,junction,2226.0,0.0,,,,2,0
13345,missing,dropped,interior,vertical,532.82,522.55,499.45,535.95,483.5,533.85,499,534,3029.0,junction,junction,1745.0,51.0,,,,2,0
13452,missing,dropped,interior,vertical,142.33,564.19,538.8,180.92,563.8,579.48,539,579,3259.0,partial,junction,2154.0,0.0,,,,-1,0
13638,missing,node_lost,interior,flat,143.66,681.58,500.03,103.25,642.67,499.83,500,500,3259.0,absent,junction,2652.0,0.0,,,,-1,0
13663,missing,node_lost,interior,flat,143.66,681.58,500.03,182.3,643.0,499.5,500,500,3172.0,absent,junction,2527.0,54.0,,,,-1,0
13665,missing,node_lost,interior,vertical,143.66,681.58,500.03,142.85,643.38,539.92,500,540,3209.0,absent,junction,2611.0,0.0,,,,-1,0
13857,missing,node_lost,boundary,flat,143.66,681.58,500.03,102.77,724.15,499.69,500,500,3430.0,absent,junction,2849.0,0.0,,,,-1,0
13865,missing,node_lost,interior,vertical,143.66,681.58,500.03,102.92,684.0,539.69,500,540,3306.0,absent,junction,2802.0,0.0,,,,-1,0
13868,missing,dropped,boundary,vertical,141.5,752.5,498.75,103.25,753.25,538.25,499,538,3195.0,junction,junction,1679.0,162.0,,,,2,0
13869,missing,dropped,boundary,vertical,68.33,753.67,499.0,103.25,753.25,538.25,499,538,3052.0,junction,junction,1707.0,155.0,,,,2,0
13870,missing,dropped,boundary,vertical,68.0,754.0,577.0,103.25,753.25,538.25,538,577,3044.0,junction,junction,1806.0,103.0,,,,2,0
13871,missing,dropped,boundary,vertical,142.25,753.25,578.0,103.25,753.25,538.25,538,578,3235.0,junction,junction,1864.0,55.0,,,,2,0
13884,missing,node_lost,boundary,flat,143.66,681.58,500.03,183.0,722.23,500.55,500,501,3287.0,absent,junction,2674.0,0.0,,,,-1,0
13888,missing,node_lost,boundary,vertical,143.66,681.58,500.03,142.8,723.47,539.53,500,540,3346.0,absent,junction,2722.0,0.0,,,,-1,0
13892,missing,node_lost,interior,vertical,143.66,681.58,500.03,182.43,683.21,539.79,500,540,3227.0,absent,junction,2626.0,0.0,,,,-1,0
13896,missing,dropped,boundary,vertical,220.5,752.25,499.5,180.75,752.25,538.5,500,538,3235.0,junction,junction,1755.0,110.0,,,,2,0
13897,missing,dropped,boundary,vertical,141.5,752.5,498.75,180.75,752.25,538.5,499,538,3246.0,junction,junction,1760.0,165.0,,,,2,0
13898,missing,dropped,boundary,vertical,142.25,753.25,578.0,180.75,752.25,538.5,538,578,3205.0,junction,junction,1738.0,109.0,,,,2,0
13899,missing,dropped,boundary,vertical,220.0,752.75,578.0,180.75,752.25,538.5,538,578,3235.0,junction,junction,1810.0,110.0,,,,2,0
13924,missing,dropped,boundary,vertical,298.5,752.5,500.25,260.0,751.75,539.5,500,540,3195.0,junction,junction,1733.0,108.0,,,,2,0
13925,missing,dropped,boundary,vertical,220.5,752.25,499.5,260.0,751.75,539.5,500,540,3266.0,junction,junction,1772.0,111.0,,,,2,0
13926,missing,dropped,boundary,vertical,220.0,752.75,578.0,260.0,751.75,539.5,540,578,3226.0,junction,junction,1804.0,109.0,,,,2,0
13927,missing,dropped,boundary,vertical,298.5,752.25,578.25,260.0,751.75,539.5,540,578,3174.0,junction,junction,1829.0,54.0,,,,2,0
13952,missing,dropped,boundary,vertical,377.0,752.25,500.25,338.25,752.25,539.0,500,539,3184.0,junction,junction,1835.0,54.0,,,,2,0
13953,missing,dropped,boundary,vertical,298.5,752.5,500.25,338.25,752.25,539.0,500,539,3225.0,junction,junction,1859.0,55.0,,,,2,0
13954,missing,dropped,boundary,vertical,298.5,752.25,578.25,338.25,752.25,539.0,539,578,3246.0,junction,junction,1870.0,55.0,,,,2,0
13955,missing,dropped,boundary,vertical,377.0,752.0,579.25,338.25,752.25,539.0,539,579,3246.0,junction,junction,1871.0,55.0,,,,2,0
13980,missing,dropped,boundary,vertical,455.5,751.0,500.75,415.25,751.75,539.25,501,539,3236.0,junction,junction,1755.0,110.0,,,,2,0
13981,missing,dropped,boundary,vertical,377.0,752.25,500.25,415.25,751.75,539.25,500,539,3174.0,junction,junction,1829.0,108.0,,,,2,0
13982,missing,dropped,boundary,vertical,377.0,752.0,579.25,415.25,751.75,539.25,539,579,3216.0,junction,junction,1799.0,109.0,,,,2,0
13983,missing,dropped,boundary,vertical,455.5,751.0,579.5,415.25,751.75,539.25,539,580,3307.0,junction,junction,1906.0,56.0,,,,2,0
14008,missing,dropped,boundary,vertical,533.25,750.25,500.5,494.0,750.5,539.5,500,540,3215.0,junction,junction,1744.0,109.0,,,,2,0
14009,missing,dropped,boundary,vertical,455.5,751.0,500.75,494.0,750.5,539.5,501,540,3174.0,junction,junction,1829.0,54.0,,,,2,0
14010,missing,dropped,boundary,vertical,455.5,751.0,579.5,494.0,750.5,539.5,540,580,3226.0,junction,junction,1804.0,109.0,,,,2,0
14011,missing,dropped,boundary,vertical,533.25,751.0,579.5,494.0,750.5,539.5,540,580,3256.0,junction,junction,1821.0,110.0,,,,2,0
14036,missing,dropped,boundary,vertical,612.0,750.5,501.25,572.25,750.5,540.0,501,540,3225.0,junction,junction,1804.0,109.0,,,,2,0
14037,missing,dropped,boundary,vertical,533.25,750.25,500.5,572.25,750.5,540.0,500,540,3225.0,junction,junction,1859.0,55.0,,,,2,0
14038,missing,dropped,boundary,vertical,533.25,751.0,579.5,572.25,750.5,540.0,540,580,3225.0,junction,junction,1804.0,109.0,,,,2,0
14039,missing,dropped,boundary,vertical,611.5,750.5,579.75,572.25,750.5,540.0,540,580,3246.0,junction,junction,1815.0,110.0,,,,2,0
14064,missing,dropped,boundary,vertical,689.5,749.25,501.5,650.25,750.0,541.0,502,541,3236.0,junction,junction,1810.0,110.0,,,,2,0
14065,missing,dropped,boundary,vertical,612.0,750.5,501.25,650.25,750.0,541.0,501,541,3205.0,junction,junction,1847.0,54.0,,,,2,0
14066,missing,dropped,boundary,vertical,611.5,750.5,579.75,650.25,750.0,541.0,541,580,3184.0,junction,junction,1835.0,54.0,,,,2,0
14067,missing,dropped,boundary,vertical,689.5,750.25,580.0,650.25,750.0,541.0,541,580,3215.0,junction,junction,1798.0,109.0,,,,2,0
14096,missing,dropped,boundary,vertical,762.0,749.0,502.33,728.33,750.0,537.67,502,538,2836.0,junction,junction,1586.0,144.0,,,,2,0
14097,missing,dropped,boundary,vertical,689.5,749.25,501.5,728.33,750.0,537.67,502,538,3083.0,junction,junction,1725.0,105.0,,,,2,0
14098,missing,dropped,boundary,vertical,689.5,750.25,580.0,728.33,750.0,537.67,538,580,3338.0,junction,junction,1754.0,170.0,,,,2,0
14119,missing,dropped,boundary,vertical,63.0,56.25,658.25,64.0,94.33,617.0,617,658,3262.0,junction,junction,1935.0,111.0,,,,2,0
14210,missing,dropped,interior,flat,451.79,131.71,580.14,411.2,91.6,579.6,580,580,3316.0,junction,junction,2079.0,0.0,,,,2,0
14296,missing,dropped,interior,vertical,686.5,88.8,620.7,646.14,89.92,580.22,580,621,3322.0,junction,junction,2196.0,0.0,,,,2,0
14297,missing,dropped,interior,flat,686.5,88.8,620.7,645.77,130.15,620.54,621,621,3372.0,junction,junction,2058.0,57.0,,,,2,0
14576,missing,dropped,interior,flat,139.17,211.5,577.75,184.9,246.6,573.5,574,578,3359.0,junction,junction,1935.0,114.0,,,,2,0
14625,missing,dropped,interior,flat,375.56,208.86,580.81,335.27,250.36,577.18,577,581,3367.0,junction,junction,2054.0,57.0,,,,2,0
14637,missing,dropped,interior,vertical,295.5,250.57,618.71,335.27,250.36,577.18,577,619,3341.0,junction,junction,2152.0,0.0,,,,2,0
15386,missing,dropped,interior,vertical,609.5,524.23,659.0,609.67,483.11,618.44,618,659,3356.0,junction,junction,2048.0,57.0,,,,2,0
15629,missing,dropped,interior,vertical,688.6,601.6,580.07,688.43,561.14,620.29,580,620,3314.0,junction,junction,2079.0,0.0,,,,2,0
15712,missing,dropped,interior,vertical,219.94,644.44,617.14,257.92,644.62,655.69,617,656,3144.0,junction,junction,2185.0,0.0,,,,2,0
15884,missing,dropped,boundary,vertical,142.25,753.25,578.0,103.0,754.25,616.25,578,616,3185.0,junction,junction,1781.0,108.0,,,,2,0
15885,missing,dropped,boundary,vertical,68.0,754.0,577.0,103.0,754.25,616.25,577,616,3055.0,junction,junction,1761.0,104.0,,,,2,0
15886,missing,dropped,boundary,vertical,68.0,753.67,656.67,103.0,754.25,616.25,616,657,3107.0,junction,junction,1685.0,158.0,,,,2,0
15887,missing,dropped,boundary,vertical,142.0,754.0,655.75,103.0,754.25,616.25,616,656,3225.0,junction,junction,1804.0,109.0,,,,2,0
15912,missing,dropped,boundary,vertical,220.0,752.75,578.0,181.5,753.75,617.25,578,617,3195.0,junction,junction,1787.0,108.0,,,,2,0
15913,missing,dropped,boundary,vertical,142.25,753.25,578.0,181.5,753.75,617.25,578,617,3225.0,junction,junction,1804.0,109.0,,,,2,0
15914,missing,dropped,boundary,vertical,142.0,754.0,655.75,181.5,753.75,617.25,617,656,3205.0,junction,junction,1847.0,54.0,,,,2,0
15915,missing,dropped,boundary,vertical,220.33,753.33,653.33,181.5,753.75,617.25,617,653,3080.0,junction,junction,1827.0,52.0,,,,2,0
15939,missing,dropped,interior,vertical,299.4,682.3,657.7,258.23,683.08,617.38,617,658,3348.0,junction,junction,2213.0,0.0,,,,2,0
15940,missing,dropped,boundary,vertical,298.5,752.25,578.25,259.5,752.5,616.75,578,617,3184.0,junction,junction,1835.0,54.0,,,,2,0
15941,missing,dropped,boundary,vertical,220.0,752.75,578.0,259.5,752.5,616.75,578,617,3215.0,junction,junction,1853.0,54.0,,,,2,0
15942,missing,dropped,boundary,vertical,220.33,753.33,653.33,259.5,752.5,616.75,617,653,3114.0,junction,junction,1795.0,158.0,,,,2,0
15943,missing,dropped,boundary,vertical,298.5,752.25,656.75,259.5,752.5,616.75,617,657,3246.0,junction,junction,1870.0,55.0,,,,2,0
15968,missing,dropped,boundary,vertical,377.0,752.0,579.25,337.5,752.25,617.75,579,618,3205.0,junction,junction,1847.0,54.0,,,,2,0
15969,missing,dropped,boundary,vertical,298.5,752.25,578.25,337.5,752.25,617.75,578,618,3225.0,junction,junction,1804.0,109.0,,,,2,0
15970,missing,dropped,boundary,vertical,298.5,752.25,656.75,337.5,752.25,617.75,618,657,3204.0,junction,junction,1738.0,109.0,,,,2,0
15996,missing,dropped,boundary,vertical,455.5,751.0,579.5,415.75,751.25,618.0,580,618,3215.0,junction,junction,1798.0,109.0,,,,2,0
15997,missing,dropped,boundary,vertical,377.0,752.0,579.25,415.75,751.25,618.0,579,618,3184.0,junction,junction,1781.0,108.0,,,,2,0
15998,missing,dropped,boundary,vertical,380.0,751.0,658.0,415.75,751.25,618.0,618,658,3117.0,junction,junction,1691.0,158.0,,,,2,0
15999,missing,dropped,boundary,vertical,454.75,752.25,656.75,415.75,751.25,618.0,618,657,3195.0,junction,junction,1841.0,54.0,,,,2,0
16024,missing,dropped,boundary,vertical,533.25,751.0,579.5,493.75,751.25,618.25,580,618,3215.0,junction,junction,1798.0,109.0,,,,2,0
16025,missing,dropped,boundary,vertical,455.5,751.0,579.5,493.75,751.25,618.25,580,618,3163.0,junction,junction,1823.0,54.0,,,,2,0
16026,missing,dropped,boundary,vertical,454.75,752.25,656.75,493.75,751.25,618.25,618,657,3185.0,junction,junction,1835.0,54.0,,,,2,0
16027,missing,dropped,boundary,vertical,533.25,751.75,657.75,493.75,751.25,618.25,618,658,3246.0,junction,junction,1760.0,110.0,,,,2,0
16052,missing,dropped,boundary,vertical,611.5,750.5,579.75,572.0,751.0,618.0,580,618,3195.0,junction,junction,1787.0,108.0,,,,2,0
16053,missing,dropped,boundary,vertical,533.25,751.0,579.5,572.0,751.0,618.0,580,618,3174.0,junction,junction,1883.0,54.0,,,,2,0
16054,missing,dropped,boundary,vertical,533.25,751.75,657.75,572.0,751.0,618.0,618,658,3226.0,junction,junction,1749.0,109.0,,,,2,0
16055,missing,dropped,boundary,vertical,611.0,750.75,657.25,572.0,751.0,618.0,618,657,3215.0,junction,junction,1744.0,163.0,,,,2,0
16080,missing,dropped,boundary,vertical,689.5,750.25,580.0,650.5,751.0,618.5,580,618,3184.0,junction,junction,1835.0,54.0,,,,2,0
16081,missing,dropped,boundary,vertical,611.5,750.5,579.75,650.5,751.0,618.5,580,618,3194.0,junction,junction,1787.0,54.0,,,,2,0
16082,missing,dropped,boundary,vertical,611.0,750.75,657.25,650.5,751.0,618.5,618,657,3215.0,junction,junction,1853.0,54.0,,,,2,0
16083,missing,dropped,boundary,vertical,689.5,750.0,658.25,650.5,751.0,618.5,618,658,3236.0,junction,junction,1810.0,110.0,,,,2,0
16105,missing,dropped,boundary,vertical,762.5,749.5,576.0,766.0,723.35,616.3,576,616,2799.0,junction,junction,1755.0,47.0,,,,99,0
16113,missing,dropped,boundary,vertical,689.5,750.25,580.0,728.5,750.0,618.5,580,618,3184.0,junction,junction,1781.0,108.0,,,,2,0
16114,missing,dropped,boundary,vertical,689.5,750.0,658.25,728.5,750.0,618.5,618,658,3235.0,junction,junction,1755.0,110.0,,,,2,0
16115,missing,dropped,boundary,vertical,763.0,750.33,657.67,728.5,750.0,618.5,618,658,3033.0,junction,junction,1696.0,206.0,,,,2,0
16820,missing,dropped,interior,vertical,528.91,209.09,657.09,568.38,209.88,699.33,657,699,3359.0,junction,junction,2163.0,0.0,,,,2,0
17007,missing,dropped,interior,vertical,332.83,364.88,692.75,336.0,329.36,655.71,656,693,2987.0,junction,junction,1721.0,101.0,,,,2,0
17607,missing,dropped,interior,flat,609.5,524.23,659.0,649.58,482.75,658.58,659,659,3352.0,junction,junction,1988.0,57.0,,,,2,0
17855,missing,dropped,interior,vertical,570.91,523.36,697.91,572.1,564.15,657.2,657,698,3349.0,junction,junction,2100.0,0.0,,,,2,0
18192,missing,dropped,boundary,vertical,142.0,754.0,655.75,102.5,753.75,694.75,656,695,3225.0,junction,junction,1804.0,109.0,,,,2,0
18193,missing,dropped,boundary,vertical,68.0,753.67,656.67,102.5,753.75,694.75,657,695,2986.0,junction,junction,1720.0,152.0,,,,2,0
18200,missing,dropped,boundary,vertical,142.75,723.5,695.92,103.19,723.31,655.38,655,696,3291.0,junction,junction,2176.0,0.0,,,,2,0
18225,missing,dropped,boundary,vertical,142.0,754.0,655.75,180.67,754.0,692.33,656,692,3093.0,junction,junction,1782.0,105.0,,,,2,0
18249,missing,dropped,boundary,vertical,220.33,753.33,653.33,219.96,725.33,692.83,653,693,2813.0,junction,junction,1907.0,48.0,,,,2,0
18257,missing,dropped,boundary,vertical,220.33,753.33,653.33,255.75,752.5,697.0,653,697,3267.0,junction,junction,1827.0,166.0,,,,2,0
18259,missing,dropped,boundary,vertical,298.0,753.0,727.0,255.75,752.5,697.0,697,727,3011.0,junction,junction,1888.0,153.0,,,,2,0
18274,missing,dropped,boundary,flat,380.0,751.0,658.0,337.64,721.91,657.18,657,658,2986.0,junction,junction,2075.0,0.0,,,,2,0
18288,missing,dropped,boundary,vertical,380.0,751.0,658.0,337.5,752.25,695.25,658,695,3284.0,junction,junction,1781.0,167.0,,,,2,0
18289,missing,dropped,boundary,vertical,298.5,752.25,656.75,337.5,752.25,695.25,657,695,3184.0,junction,junction,1835.0,54.0,,,,2,0
18291,missing,dropped,boundary,vertical,377.0,753.0,727.0,337.5,752.25,695.25,695,727,2945.0,junction,junction,1697.0,200.0,,,,2,0
18320,missing,dropped,boundary,vertical,454.75,752.25,656.75,415.75,751.25,696.5,657,696,3236.0,junction,junction,1810.0,110.0,,,,2,0
18321,missing,dropped,boundary,vertical,380.0,751.0,658.0,415.75,751.25,696.5,658,696,3053.0,junction,junction,1759.0,103.0,,,,2,0
18322,missing,dropped,boundary,vertical,377.0,753.0,727.0,415.75,751.25,696.5,696,727,2867.0,junction,junction,1701.0,194.0,,,,2,0
18323,missing,dropped,boundary,vertical,455.0,752.0,728.0,415.75,751.25,696.5,696,728,2924.0,junction,junction,1685.0,198.0,,,,2,0
18352,missing,dropped,boundary,vertical,533.25,751.75,657.75,494.0,751.0,697.25,658,697,3236.0,junction,junction,1919.0,55.0,,,,2,0
18353,missing,dropped,boundary,vertical,454.75,752.25,656.75,494.0,751.0,697.25,657,697,3278.0,junction,junction,1889.0,56.0,,,,2,0
18354,missing,dropped,boundary,vertical,455.0,752.0,728.0,494.0,751.0,697.25,697,728,2886.0,junction,junction,1712.0,147.0,,,,2,0
18355,missing,dropped,boundary,vertical,533.0,752.0,728.0,494.0,751.0,697.25,697,728,2886.0,junction,junction,1761.0,147.0,,,,2,0
18384,missing,dropped,boundary,vertical,611.0,750.75,657.25,572.0,751.5,697.25,657,697,3246.0,junction,junction,1816.0,110.0,,,,2,0
18385,missing,dropped,boundary,vertical,533.25,751.75,657.75,572.0,751.5,697.25,658,697,3215.0,junction,junction,1853.0,54.0,,,,2,0
18386,missing,dropped,boundary,vertical,533.0,752.0,728.0,572.0,751.5,697.25,697,728,2886.0,junction,junction,1761.0,98.0,,,,2,0
18387,missing,dropped,boundary,vertical,611.0,752.0,729.0,572.0,751.5,697.25,697,729,2922.0,junction,junction,1783.0,149.0,,,,2,0
18416,missing,dropped,boundary,vertical,689.5,750.0,658.25,650.25,751.25,696.5,658,696,3185.0,junction,junction,1889.0,54.0,,,,2,0
18417,missing,dropped,boundary,vertical,611.0,750.75,657.25,650.25,751.25,696.5,657,696,3225.0,junction,junction,1804.0,109.0,,,,2,0
18418,missing,dropped,boundary,vertical,611.0,752.0,729.0,650.25,751.25,696.5,696,729,2961.0,junction,junction,1757.0,151.0,,,,2,0
18452,missing,dropped,boundary,vertical,763.0,750.33,657.67,728.5,750.5,697.25,658,697,3051.0,junction,junction,1706.0,155.0,,,,2,0
18453,missing,dropped,boundary,vertical,689.5,750.0,658.25,728.5,750.5,697.25,658,697,3205.0,junction,junction,1792.0,109.0,,,,2,0
417,disconnected,,boundary,vertical,678.04,215.07,22.18,687.12,166.81,70.25,22,70,3993.0,junction,junction,880.0,1692.0,,,,2,0
434,disconnected,,boundary,vertical,761.08,166.25,71.42,731.0,163.54,103.54,71,104,2562.0,junction,junction,0.0,1563.0,,,,1,1
946,disconnected,,boundary,vertical,309.67,408.12,61.83,258.73,407.18,109.36,62,109,4048.0,junction,junction,2127.0,549.0,,,,2,0
1310,disconnected,,interior,flat,687.5,481.0,71.5,735.3,521.17,75.02,72,75,3634.0,junction,junction,1971.0,308.0,,,,2,0
1475,disconnected,,interior,vertical,605.79,517.57,104.64,571.92,523.08,71.23,71,105,2782.0,junction,junction,0.0,1698.0,,,,1,1
1762,disconnected,,boundary,flat,143.0,752.0,39.0,105.0,722.0,30.75,31,39,2853.0,junction,junction,97.0,1741.0,,,,2,0
1763,disconnected,node_lost,boundary,flat,67.12,760.25,27.99,105.0,722.0,30.75,28,31,3132.0,absent,junction,212.0,1911.0,,,,-1,0
1765,disconnected,node_lost,boundary,vertical,67.12,760.25,27.99,68.62,722.75,67.75,28,68,3177.0,absent,junction,108.0,1938.0,,,,-1,0
1766,disconnected,node_lost,boundary,vertical,66.98,760.28,106.62,68.62,722.75,67.75,68,107,3141.0,absent,junction,1437.0,1118.0,,,,-1,0
1772,disconnected,,boundary,vertical,143.0,752.0,39.0,105.25,753.0,68.25,39,68,2775.0,junction,junction,1599.0,235.0,,,,2,0
1778,disconnected,,boundary,flat,68.62,722.75,67.75,105.25,753.0,68.25,68,68,2760.0,junction,junction,0.0,1684.0,,,,1,1
1781,disconnected,,boundary,flat,143.67,722.58,68.17,105.25,753.0,68.25,68,68,2847.0,junction,junction,48.0,1737.0,,,,1,1
1786,disconnected,,boundary,vertical,105.25,753.0,68.25,104.89,722.56,107.56,68,108,2889.0,junction,junction,49.0,1763.0,,,,1,1
1791,disconnected,,boundary,flat,143.0,752.0,39.0,183.0,721.67,30.67,31,39,2957.0,junction,junction,251.0,1704.0,,,,2,0
1800,disconnected,,boundary,vertical,222.88,754.64,25.39,182.0,752.5,68.0,25,68,3433.0,partial,junction,1745.0,233.0,,,,-1,0
1801,disconnected,,boundary,vertical,143.0,752.0,39.0,182.0,752.5,68.0,39,68,2824.0,junction,junction,1484.0,287.0,,,,2,0
1806,disconnected,,boundary,flat,143.67,722.58,68.17,182.0,752.5,68.0,68,68,2825.0,junction,junction,0.0,1724.0,,,,1,1
1809,disconnected,,boundary,flat,221.58,722.5,68.58,182.0,752.5,68.0,68,69,2886.0,junction,junction,0.0,1761.0,,,,1,1
1814,disconnected,,boundary,vertical,182.0,752.5,68.0,182.79,722.71,107.86,68,108,2891.0,junction,junction,0.0,1764.0,,,,1,1
1818,disconnected,,boundary,flat,300.0,751.0,39.0,260.7,721.0,23.6,24,39,3009.0,junction,junction,0.0,1836.0,,,,2,0
1821,disconnected,,boundary,vertical,222.88,754.64,25.39,221.58,722.5,68.58,25,69,3129.0,partial,junction,0.0,1909.0,,,,-1,0
1828,disconnected,,boundary,vertical,300.0,751.0,39.0,261.0,752.0,68.25,39,68,2833.0,junction,junction,1585.0,240.0,,,,2,0
1834,disconnected,,boundary,flat,221.58,722.5,68.58,261.0,752.0,68.25,68,69,2861.0,junction,junction,0.0,1745.0,,,,1,1
1837,disconnected,,boundary,flat,300.07,721.6,69.2,261.0,752.0,68.25,68,69,2877.0,junction,junction,0.0,1755.0,,,,1,1
1842,disconnected,,boundary,vertical,261.0,752.0,68.25,260.6,721.8,108.2,68,108,2910.0,junction,junction,0.0,1775.0,,,,1,1
1847,disconnected,,boundary,flat,300.0,751.0,39.0,340.0,721.0,31.0,31,39,2942.0,junction,junction,50.0,1795.0,,,,2,0
1857,disconnected,,boundary,vertical,300.0,751.0,39.0,339.0,751.25,68.25,39,68,2832.0,junction,junction,1488.0,240.0,,,,2,0
1865,disconnected,,boundary,flat,377.5,721.07,69.57,339.0,751.25,68.25,68,70,2843.0,junction,junction,0.0,1735.0,,,,1,1
1870,disconnected,,boundary,vertical,339.0,751.25,68.25,339.14,721.57,108.5,68,108,2906.0,junction,junction,0.0,1773.0,,,,1,1
1874,disconnected,,boundary,flat,456.0,749.0,40.0,417.0,720.33,31.67,32,40,2854.0,junction,junction,48.0,1741.0,,,,2,0
1877,disconnected,,boundary,vertical,378.48,753.9,25.99,377.5,721.07,69.57,26,70,3171.0,partial,junction,0.0,1935.0,,,,-1,0
1884,disconnected,,boundary,vertical,456.0,749.0,40.0,417.0,750.75,69.0,40,69,2826.0,junction,junction,1532.0,335.0,,,,2,0
1890,disconnected,,boundary,flat,377.5,721.07,69.57,417.0,750.75,69.0,69,70,2871.0,junction,junction,0.0,1752.0,,,,1,1
1893,disconnected,,boundary,flat,456.08,720.54,69.38,417.0,750.75,69.0,69,69,2870.0,junction,junction,0.0,1751.0,,,,1,1
1898,disconnected,,boundary,vertical,417.0,750.75,69.0,417.09,720.45,108.91,69,109,2911.0,junction,junction,0.0,1776.0,,,,1,1
1902,disconnected,,boundary,flat,535.0,749.0,40.0,495.5,719.5,32.17,32,40,2900.0,junction,junction,0.0,1770.0,,,,2,0
1903,disconnected,,boundary,flat,456.0,749.0,40.0,495.5,719.5,32.17,32,40,2900.0,junction,junction,49.0,1770.0,,,,2,0
1912,disconnected,,boundary,vertical,535.0,749.0,40.0,495.5,749.25,69.25,40,69,2856.0,junction,junction,1500.0,290.0,,,,2,0
1913,disconnected,,boundary,vertical,456.0,749.0,40.0,495.5,749.25,69.25,40,69,2856.0,junction,junction,1500.0,290.0,,,,2,0
1918,disconnected,,boundary,flat,456.08,720.54,69.38,495.5,749.25,69.25,69,69,2834.0,junction,junction,0.0,1729.0,,,,1,1
1926,disconnected,,boundary,vertical,495.5,749.25,69.25,495.2,720.9,109.7,69,110,2870.0,junction,junction,0.0,1751.0,,,,1,1
1930,disconnected,,boundary,flat,613.0,749.0,39.0,573.2,718.4,24.1,24,39,3043.0,junction,junction,0.0,1856.0,,,,2,0
1931,disconnected,,boundary,flat,535.0,749.0,40.0,573.2,718.4,24.1,24,40,2990.0,junction,junction,51.0,1824.0,,,,2,0
1940,disconnected,,boundary,vertical,613.0,749.0,39.0,573.5,750.0,70.0,39,70,2918.0,junction,junction,1533.0,297.0,,,,2,0
1941,disconnected,,boundary,vertical,535.0,749.0,40.0,573.5,750.0,70.0,40,70,2836.0,junction,junction,1490.0,337.0,,,,2,0
1949,disconnected,,boundary,flat,613.23,719.46,70.15,573.5,750.0,70.0,70,70,2911.0,junction,junction,0.0,1776.0,,,,1,1
1954,disconnected,,boundary,vertical,573.5,750.0,70.0,578.55,715.45,104.4,70,104,2848.0,junction,junction,0.0,1738.0,,,,1,1
1958,disconnected,,boundary,flat,691.0,749.0,40.0,652.5,718.0,32.62,33,40,2904.0,junction,junction,0.0,1772.0,,,,2,0
1959,disconnected,,boundary,flat,613.0,749.0,39.0,652.5,718.0,32.62,33,39,2941.0,junction,junction,0.0,1794.0,,,,2,0
1968,disconnected,,boundary,vertical,691.0,749.0,40.0,651.25,749.25,69.5,40,70,2876.0,junction,junction,1609.0,244.0,,,,2,0
1974,disconnected,,boundary,flat,613.23,719.46,70.15,651.25,749.25,69.5,70,70,2806.0,junction,junction,0.0,1712.0,,,,1,1
1977,disconnected,,boundary,flat,694.01,713.55,64.99,651.25,749.25,69.5,65,70,3247.0,junction,junction,0.0,1981.0,,,,1,1
1982,disconnected,,boundary,vertical,651.25,749.25,69.5,651.4,719.5,109.6,70,110,2901.0,junction,junction,0.0,1770.0,,,,1,1
1986,disconnected,,boundary,flat,768.0,748.0,40.0,731.51,714.58,21.13,21,40,3077.0,junction,junction,0.0,1877.0,,,,2,0
1987,disconnected,,boundary,flat,691.0,749.0,40.0,731.51,714.58,21.13,21,40,3277.0,junction,junction,0.0,2000.0,,,,2,0
2000,disconnected,,boundary,vertical,768.0,748.0,40.0,729.75,748.25,70.75,40,71,2851.0,junction,junction,1595.0,242.0,,,,2,0
2001,disconnected,,boundary,vertical,691.0,749.0,40.0,729.75,748.25,70.75,40,71,2874.0,junction,junction,1559.0,244.0,,,,2,0
2006,disconnected,,boundary,flat,694.01,713.55,64.99,729.75,748.25,70.75,65,71,2914.0,junction,junction,0.0,1778.0,,,,1,1
2009,disconnected,,boundary,flat,765.75,717.75,70.5,729.75,748.25,70.75,70,71,2741.0,junction,junction,0.0,1673.0,,,,1,1
2014,disconnected,,boundary,vertical,729.75,748.25,70.75,729.0,718.46,109.69,71,110,2849.0,junction,junction,0.0,1738.0,,,,1,1
2061,disconnected,,boundary,vertical,179.75,55.62,145.94,181.31,85.25,180.0,146,180,2624.0,junction,junction,89.0,1601.0,,,,1,1
2931,disconnected,,interior,vertical,215.04,362.89,182.11,181.0,367.8,147.0,147,182,2855.0,junction,junction,0.0,1742.0,,,,1,1
3254,disconnected,,interior,vertical,533.17,484.58,148.92,499.33,480.94,182.72,149,183,2787.0,junction,junction,0.0,1700.0,,,,1,1
3544,disconnected,,interior,vertical,688.82,561.0,148.73,721.77,556.53,182.53,149,183,2755.0,junction,junction,0.0,1681.0,,,,1,1
3778,disconnected,,boundary,flat,143.25,752.25,106.75,104.89,722.56,107.56,107,108,2819.0,junction,junction,0.0,1720.0,,,,1,1
3794,disconnected,,boundary,flat,68.0,722.71,146.29,104.5,753.5,145.75,146,146,2774.0,junction,junction,0.0,1693.0,,,,1,1
3797,disconnected,,boundary,flat,143.5,722.75,146.5,104.5,753.5,145.75,146,146,2886.0,junction,junction,98.0,1761.0,,,,1,1
3802,disconnected,,boundary,vertical,104.5,753.5,145.75,104.25,722.67,185.67,146,186,2931.0,junction,junction,0.0,1788.0,,,,1,1
3806,disconnected,,boundary,flat,223.0,751.5,107.5,182.79,722.71,107.86,108,108,2873.0,junction,junction,0.0,1753.0,,,,1,1
3807,disconnected,,boundary,flat,143.25,752.25,106.75,182.79,722.71,107.86,107,108,2868.0,junction,junction,0.0,1750.0,,,,1,1
3809,disconnected,,boundary,vertical,143.25,752.25,106.75,143.5,722.75,146.5,107,146,2876.0,junction,junction,0.0,1755.0,,,,1,1
3818,disconnected,,boundary,vertical,140.33,753.0,185.0,182.25,752.5,146.5,146,185,3307.0,junction,junction,1681.0,224.0,,,,2,0
3822,disconnected,,boundary,flat,143.5,722.75,146.5,182.25,752.5,146.5,146,146,2838.0,junction,junction,0.0,1732.0,,,,1,1
3825,disconnected,,boundary,flat,221.33,722.0,147.58,182.25,752.5,146.5,146,148,2881.0,junction,junction,49.0,1758.0,,,,1,1
3830,disconnected,,boundary,vertical,182.25,752.5,146.5,183.42,721.83,186.08,146,186,2910.0,junction,junction,0.0,1776.0,,,,1,1
3834,disconnected,,boundary,flat,300.0,751.25,108.25,260.6,721.8,108.2,108,108,2858.0,junction,junction,0.0,1744.0,,,,1,1
3835,disconnected,,boundary,flat,223.0,751.5,107.5,260.6,721.8,108.2,108,108,2784.0,junction,junction,0.0,1699.0,,,,1,1
3837,disconnected,,boundary,vertical,223.0,751.5,107.5,221.33,722.0,147.58,108,148,2893.0,junction,junction,0.0,1765.0,,,,1,1
3850,disconnected,,boundary,flat,221.33,722.0,147.58,261.25,752.0,147.25,147,148,2901.0,junction,junction,0.0,1770.0,,,,1,1
3853,disconnected,,boundary,flat,299.64,721.79,147.5,261.25,752.0,147.25,147,148,2839.0,junction,junction,0.0,1732.0,,,,1,1
3858,disconnected,,boundary,vertical,261.25,752.0,147.25,260.43,722.0,186.71,147,187,2881.0,junction,junction,0.0,1758.0,,,,1,1
3862,disconnected,,boundary,flat,378.0,750.75,108.5,339.14,721.57,108.5,108,108,2823.0,junction,junction,0.0,1723.0,,,,1,1
3863,disconnected,,boundary,flat,300.0,751.25,108.25,339.14,721.57,108.5,108,108,2854.0,junction,junction,0.0,1741.0,,,,1,1
3878,disconnected,,boundary,flat,299.64,721.79,147.5,338.5,751.25,147.0,147,148,2833.0,junction,junction,0.0,1729.0,,,,1,1
3881,disconnected,,boundary,flat,378.08,721.08,147.69,338.5,751.25,147.0,147,148,2892.0,junction,junction,49.0,1764.0,,,,1,1
3886,disconnected,,boundary,vertical,338.5,751.25,147.0,339.09,721.36,186.55,147,187,2880.0,junction,junction,0.0,1757.0,,,,1,1
3890,disconnected,,boundary,flat,456.0,750.5,108.5,417.09,720.45,108.91,108,109,2856.0,junction,junction,0.0,1743.0,,,,1,1
3891,disconnected,,boundary,flat,378.0,750.75,108.5,417.09,720.45,108.91,108,109,2874.0,junction,junction,0.0,1753.0,,,,1,1
3893,disconnected,,boundary,vertical,378.0,750.75,108.5,378.08,721.08,147.69,108,148,2856.0,junction,junction,0.0,1743.0,,,,1,1
3906,disconnected,,boundary,flat,378.08,721.08,147.69,417.25,750.5,147.0,147,148,2847.0,junction,junction,0.0,1737.0,,,,1,1
3909,disconnected,,boundary,flat,456.1,721.1,148.4,417.25,750.5,147.0,147,148,2832.0,junction,junction,0.0,1728.0,,,,1,1
3914,disconnected,,boundary,vertical,417.25,750.5,147.0,417.11,720.89,186.89,147,187,2886.0,junction,junction,0.0,1761.0,,,,1,1
3919,disconnected,,boundary,flat,456.0,750.5,108.5,495.2,720.9,109.7,108,110,2855.0,junction,junction,0.0,1742.0,,,,1,1
3921,disconnected,,boundary,vertical,456.0,750.5,108.5,456.1,721.1,148.4,108,148,2880.0,junction,junction,0.0,1757.0,,,,1,1
3934,disconnected,,boundary,flat,456.1,721.1,148.4,495.5,750.5,147.75,148,148,2856.0,junction,junction,0.0,1743.0,,,,1,1
3937,disconnected,,boundary,flat,534.07,720.07,148.07,495.5,750.5,147.75,148,148,2854.0,junction,junction,0.0,1742.0,,,,1,1
3942,disconnected,,boundary,vertical,495.5,750.5,147.75,495.12,720.44,186.94,148,187,2870.0,junction,junction,0.0,1751.0,,,,1,1
3946,disconnected,,boundary,flat,612.75,748.75,109.0,578.55,715.45,104.4,104,109,2786.0,junction,junction,0.0,1700.0,,,,1,1
3947,disconnected,,boundary,flat,533.75,749.5,108.75,578.55,715.45,104.4,104,109,3279.0,junction,junction,0.0,2001.0,,,,1,1
3949,disconnected,,boundary,vertical,533.75,749.5,108.75,534.07,720.07,148.07,109,148,2854.0,junction,junction,0.0,1741.0,,,,1,1
3962,disconnected,,boundary,flat,534.07,720.07,148.07,572.75,749.5,148.25,148,148,2824.0,junction,junction,0.0,1723.0,,,,1,1
3965,disconnected,,boundary,flat,612.0,719.6,148.5,572.75,749.5,148.25,148,148,2867.0,junction,junction,0.0,1749.0,,,,1,1
3970,disconnected,,boundary,vertical,572.75,749.5,148.25,572.92,719.77,187.62,148,188,2866.0,junction,junction,0.0,1749.0,,,,1,1
3974,disconnected,,boundary,flat,690.75,749.0,109.75,651.4,719.5,109.6,110,110,2857.0,junction,junction,0.0,1743.0,,,,1,1
3975,disconnected,,boundary,flat,612.75,748.75,109.0,651.4,719.5,109.6,109,110,2816.0,junction,junction,0.0,1718.0,,,,1,1
3977,disconnected,,boundary,vertical,612.75,748.75,109.0,612.0,719.6,148.5,109,148,2853.0,junction,junction,0.0,1741.0,,,,1,1
3990,disconnected,,boundary,flat,612.0,719.6,148.5,651.5,749.25,147.25,147,148,2870.0,junction,junction,0.0,1751.0,,,,1,1
3993,disconnected,,boundary,flat,690.42,718.83,149.42,651.5,749.25,147.25,147,149,2873.0,junction,junction,0.0,1753.0,,,,1,1
3998,disconnected,,boundary,vertical,651.5,749.25,147.25,651.91,718.82,187.91,147,188,2951.0,junction,junction,0.0,1800.0,,,,1,1
4003,disconnected,,boundary,flat,690.75,749.0,109.75,729.0,718.46,109.69,110,110,2844.0,junction,junction,0.0,1735.0,,,,1,1
4009,disconnected,,boundary,vertical,764.67,749.0,110.0,765.3,718.2,149.1,110,149,2892.0,junction,junction,0.0,1765.0,,,,1,1
4019,disconnected,,boundary,vertical,764.0,748.67,188.67,729.0,748.25,148.75,149,189,3085.0,junction,junction,1621.0,261.0,,,,2,0
4022,disconnected,,boundary,flat,690.42,718.83,149.42,729.0,748.25,148.75,149,149,2819.0,junction,junction,48.0,1720.0,,,,1,1
4025,disconnected,,boundary,flat,765.3,718.2,149.1,729.0,748.25,148.75,149,149,2738.0,junction,junction,0.0,1671.0,,,,1,1
4030,disconnected,,boundary,vertical,729.0,748.25,148.75,729.44,718.67,188.78,149,189,2892.0,junction,junction,0.0,1765.0,,,,1,1
4057,disconnected,,boundary,flat,222.97,52.12,179.94,181.31,85.25,180.0,180,180,3092.0,junction,junction,52.0,1887.0,,,,1,1
4215,disconnected,,boundary,flat,608.67,91.42,226.0,646.5,52.12,226.12,226,226,3169.0,junction,junction,430.0,1397.0,,,,2,0
4221,disconnected,,boundary,vertical,646.5,52.12,226.12,646.69,89.08,266.92,226,267,3198.0,junction,junction,976.0,921.0,,,,2,0
4340,disconnected,,interior,vertical,374.07,170.5,226.64,341.69,165.94,192.31,192,227,2755.0,junction,junction,0.0,1681.0,,,,1,1
4923,disconnected,,interior,vertical,141.89,367.44,264.89,103.44,366.33,225.78,226,265,3187.0,junction,junction,162.0,1566.0,,,,2,0
5116,disconnected,,interior,vertical,687.64,364.14,187.79,720.83,358.89,222.67,188,223,2814.0,junction,junction,0.0,1717.0,,,,1,1
5140,disconnected,,boundary,vertical,67.1,445.7,185.9,94.81,442.96,216.67,186,217,2411.0,junction,junction,0.0,1471.0,,,,1,1
5784,disconnected,,boundary,vertical,764.62,639.0,227.62,733.15,634.75,193.2,193,228,2721.0,junction,junction,0.0,1660.0,,,,1,1
5797,disconnected,,boundary,vertical,70.67,753.33,186.67,68.19,722.25,224.56,187,225,2851.0,junction,junction,0.0,1740.0,,,,1,1
5798,disconnected,,boundary,vertical,75.0,753.0,268.5,68.19,722.25,224.56,225,268,3141.0,junction,junction,532.0,1437.0,,,,99,0
5806,disconnected,,boundary,vertical,75.0,753.0,268.5,104.5,752.25,224.25,224,268,3090.0,junction,junction,1414.0,367.0,,,,99,0
5810,disconnected,,boundary,flat,68.19,722.25,224.56,104.5,752.25,224.25,224,225,2737.0,junction,junction,0.0,1670.0,,,,1,1
5813,disconnected,,boundary,flat,143.3,722.9,225.0,104.5,752.25,224.25,224,225,2827.0,junction,junction,96.0,1725.0,,,,1,1
5818,disconnected,,boundary,vertical,104.5,752.25,224.25,104.09,722.82,264.45,224,264,2895.0,junction,junction,0.0,1766.0,,,,1,1
5822,disconnected,,boundary,flat,221.5,751.75,185.75,183.42,721.83,186.08,186,186,2814.0,junction,junction,0.0,1717.0,,,,1,1
5825,disconnected,,boundary,vertical,140.33,753.0,185.0,143.3,722.9,225.0,185,225,2914.0,junction,junction,0.0,1778.0,,,,1,1
5833,disconnected,,boundary,vertical,140.33,753.0,185.0,181.75,752.0,225.25,185,225,3356.0,junction,junction,1763.0,228.0,,,,2,0
5838,disconnected,,boundary,flat,143.3,722.9,225.0,181.75,752.0,225.25,225,225,2802.0,junction,junction,0.0,1709.0,,,,1,1
5841,disconnected,,boundary,flat,221.21,722.5,225.64,181.75,752.0,225.25,225,226,2863.0,junction,junction,0.0,1747.0,,,,1,1
5846,disconnected,,boundary,vertical,181.75,752.0,225.25,182.36,722.36,264.73,225,265,2868.0,junction,junction,0.0,1750.0,,,,1,1
5850,disconnected,,boundary,flat,299.75,751.75,186.0,260.43,722.0,186.71,186,187,2865.0,junction,junction,0.0,1748.0,,,,1,1
5851,disconnected,,boundary,flat,221.5,751.75,185.75,260.43,722.0,186.71,186,187,2847.0,junction,junction,0.0,1737.0,,,,1,1
5853,disconnected,,boundary,vertical,221.5,751.75,185.75,221.21,722.5,225.64,186,226,2874.0,junction,junction,0.0,1754.0,,,,1,1
5866,disconnected,,boundary,flat,221.21,722.5,225.64,260.75,752.25,225.25,225,226,2875.0,junction,junction,0.0,1754.0,,,,1,1
5869,disconnected,,boundary,flat,299.23,721.62,226.38,260.75,752.25,225.25,225,226,2858.0,junction,junction,0.0,1744.0,,,,1,1
5874,disconnected,,boundary,vertical,260.75,752.25,225.25,260.38,722.0,265.23,225,265,2913.0,junction,junction,0.0,1777.0,,,,1,1
5878,disconnected,,boundary,flat,378.25,751.25,186.25,339.09,721.36,186.55,186,187,2862.0,junction,junction,0.0,1746.0,,,,1,1
5879,disconnected,,boundary,flat,299.75,751.75,186.0,339.09,721.36,186.55,186,187,2888.0,junction,junction,0.0,1762.0,,,,1,1
5881,disconnected,,boundary,vertical,299.75,751.75,186.0,299.23,721.62,226.38,186,226,2928.0,junction,junction,0.0,1786.0,,,,1,1
5894,disconnected,,boundary,flat,299.23,721.62,226.38,339.0,750.75,225.75,226,226,2865.0,junction,junction,0.0,1748.0,,,,1,1
5897,disconnected,,boundary,flat,378.0,721.8,226.6,339.0,750.75,225.75,226,227,2822.0,junction,junction,0.0,1722.0,,,,1,1
5902,disconnected,,boundary,vertical,339.0,750.75,225.75,338.5,721.5,265.0,226,265,2844.0,junction,junction,0.0,1735.0,,,,1,1
5906,disconnected,,boundary,flat,455.75,749.5,187.0,417.11,720.89,186.89,187,187,2793.0,junction,junction,0.0,1704.0,,,,1,1
5907,disconnected,,boundary,flat,378.25,751.25,186.25,417.11,720.89,186.89,186,187,2865.0,junction,junction,0.0,1748.0,,,,1,1
5909,disconnected,,boundary,vertical,378.25,751.25,186.25,378.0,721.8,226.6,186,227,2902.0,junction,junction,0.0,1771.0,,,,1,1
5922,disconnected,,boundary,flat,378.0,721.8,226.6,416.75,751.0,225.5,226,227,2820.0,junction,junction,0.0,1721.0,,,,1,1
5925,disconnected,,boundary,flat,455.83,720.58,226.25,416.75,751.0,225.5,226,226,2878.0,junction,junction,0.0,1756.0,,,,1,1
5930,disconnected,,boundary,vertical,416.75,751.0,225.5,416.73,720.82,265.73,226,266,2922.0,junction,junction,0.0,1783.0,,,,1,1
5934,disconnected,,boundary,flat,534.0,749.75,186.75,495.12,720.44,186.94,187,187,2829.0,junction,junction,0.0,1726.0,,,,1,1
5935,disconnected,,boundary,flat,455.75,749.5,187.0,495.12,720.44,186.94,187,187,2843.0,junction,junction,0.0,1735.0,,,,1,1
5937,disconnected,,boundary,vertical,455.75,749.5,187.0,455.83,720.58,226.25,187,226,2832.0,junction,junction,0.0,1728.0,,,,1,1
5950,disconnected,,boundary,flat,455.83,720.58,226.25,495.5,750.75,226.0,226,226,2895.0,junction,junction,0.0,1767.0,,,,1,1
5953,disconnected,,boundary,flat,533.75,720.5,227.0,495.5,750.75,226.0,226,227,2834.0,junction,junction,0.0,1729.0,,,,1,1
5958,disconnected,,boundary,vertical,495.5,750.75,226.0,494.73,720.0,266.09,226,266,2936.0,junction,junction,0.0,1791.0,,,,1,1
5962,disconnected,,boundary,flat,611.75,748.0,188.0,572.92,719.77,187.62,188,188,2789.0,junction,junction,0.0,1702.0,,,,1,1
5963,disconnected,,boundary,flat,534.0,749.75,186.75,572.92,719.77,187.62,187,188,2855.0,junction,junction,0.0,1742.0,,,,1,1
5965,disconnected,,boundary,vertical,534.0,749.75,186.75,533.75,720.5,227.0,187,227,2891.0,junction,junction,0.0,1764.0,,,,1,1
5978,disconnected,,boundary,flat,533.75,720.5,227.0,572.25,749.25,226.5,226,227,2792.0,junction,junction,0.0,1704.0,,,,1,1
5981,disconnected,,boundary,flat,612.08,719.77,227.31,572.25,749.25,226.5,226,227,2879.0,junction,junction,0.0,1757.0,,,,1,1
5986,disconnected,,boundary,vertical,572.25,749.25,226.5,573.75,720.25,266.5,226,266,2872.0,junction,junction,0.0,1752.0,,,,1,1
5990,disconnected,,boundary,flat,690.0,748.75,187.75,651.91,718.82,187.91,188,188,2815.0,junction,junction,0.0,1717.0,,,,1,1
5991,disconnected,,boundary,flat,611.75,748.0,188.0,651.91,718.82,187.91,188,188,2884.0,junction,junction,0.0,1760.0,,,,1,1
5993,disconnected,,boundary,vertical,611.75,748.0,188.0,612.08,719.77,227.31,188,227,2812.0,junction,junction,0.0,1716.0,,,,1,1
6006,disconnected,,boundary,flat,612.08,719.77,227.31,651.25,749.5,227.0,227,227,2857.0,junction,junction,0.0,1743.0,,,,1,1
6009,disconnected,,boundary,flat,690.5,719.08,227.17,651.25,749.5,227.0,227,227,2885.0,junction,junction,0.0,1760.0,,,,1,1
6014,disconnected,,boundary,vertical,651.25,749.5,227.0,651.44,719.33,266.78,227,267,2901.0,junction,junction,0.0,1770.0,,,,1,1
6019,disconnected,,boundary,flat,690.0,748.75,187.75,729.44,718.67,188.78,188,189,2883.0,junction,junction,0.0,1759.0,,,,1,1
6021,disconnected,,boundary,vertical,690.0,748.75,187.75,690.5,719.08,227.17,188,227,2866.0,junction,junction,0.0,1749.0,,,,1,1
6025,disconnected,,boundary,vertical,764.0,748.67,188.67,765.83,719.25,228.25,189,228,2867.0,junction,junction,0.0,1750.0,,,,1,1
6032,disconnected,,boundary,vertical,764.0,748.67,188.67,728.5,748.25,226.75,189,227,3025.0,junction,junction,1641.0,256.0,,,,2,0
6038,disconnected,,boundary,flat,690.5,719.08,227.17,728.5,748.25,226.75,227,227,2783.0,junction,junction,47.0,1698.0,,,,1,1
6041,disconnected,,boundary,flat,765.83,719.25,228.25,728.5,748.25,226.75,227,228,2748.0,junction,junction,0.0,1677.0,,,,1,1
6046,disconnected,,boundary,vertical,728.5,748.25,226.75,729.0,718.69,266.77,227,267,2891.0,junction,junction,49.0,1764.0,,,,1,1
6127,disconnected,,boundary,vertical,294.8,53.6,342.4,295.93,88.33,308.93,309,342,2803.0,junction,junction,285.0,1710.0,,,,1,1
6141,disconnected,,boundary,vertical,334.43,53.71,303.43,344.42,86.95,335.05,303,335,2728.0,junction,junction,1341.0,231.0,,,,2,0
6151,disconnected,,boundary,vertical,377.0,55.87,344.0,373.05,86.4,308.9,309,344,2713.0,junction,junction,1287.0,230.0,,,,2,0
6176,disconnected,,boundary,vertical,456.5,48.71,270.93,490.12,53.12,304.62,271,305,2778.0,junction,junction,0.0,1695.0,,,,1,1
6245,disconnected,,interior,vertical,686.06,128.0,266.35,686.17,88.0,305.17,266,305,3238.0,junction,junction,1153.0,878.0,,,,2,0
6247,disconnected,,boundary,vertical,685.5,51.44,344.81,686.17,88.0,305.17,305,345,3134.0,partial,junction,797.0,1115.0,,,,-1,0
6254,disconnected,,boundary,vertical,685.5,51.44,344.81,724.33,51.75,307.83,308,345,3115.0,partial,junction,211.0,950.0,,,,-1,0
6265,disconnected,,boundary,vertical,724.33,51.75,307.83,732.28,93.92,339.58,308,340,3101.0,junction,junction,841.0,1104.0,,,,2,0
6356,disconnected,,interior,vertical,365.94,168.03,296.21,335.14,170.93,265.21,265,296,2544.0,junction,junction,0.0,1552.0,,,,1,1
6470,disconnected,,boundary,vertical,761.33,121.6,349.47,764.25,160.83,310.17,310,349,3231.0,junction,junction,0.0,1971.0,,,,1,1
6482,disconnected,,boundary,vertical,764.25,160.83,310.17,733.97,160.78,342.12,310,342,2558.0,junction,junction,130.0,1561.0,,,,1,1
7404,disconnected,,interior,vertical,151.09,562.64,312.76,181.64,564.36,342.91,313,343,2496.0,junction,junction,0.0,1523.0,,,,1,1
7810,disconnected,,boundary,flat,143.0,752.75,263.75,104.09,722.82,264.45,264,264,2852.0,junction,junction,0.0,1740.0,,,,1,1
7821,disconnected,,boundary,vertical,75.0,753.0,268.5,104.25,753.25,303.0,268,303,2628.0,junction,junction,1425.0,267.0,,,,99,0
7826,disconnected,,boundary,flat,67.56,723.33,303.33,104.25,753.25,303.0,303,303,2751.0,junction,junction,47.0,1678.0,,,,1,1
7829,disconnected,,boundary,flat,143.0,722.85,303.23,104.25,753.25,303.0,303,303,2862.0,junction,junction,0.0,1746.0,,,,1,1
7834,disconnected,,boundary,vertical,104.25,753.25,303.0,104.5,723.14,342.86,303,343,2902.0,junction,junction,0.0,1771.0,,,,1,1
7838,disconnected,,boundary,flat,220.75,751.75,264.25,182.36,722.36,264.73,264,265,2809.0,junction,junction,0.0,1714.0,,,,1,1
7839,disconnected,,boundary,flat,143.0,752.75,263.75,182.36,722.36,264.73,264,265,2890.0,junction,junction,0.0,1763.0,,,,1,1
7841,disconnected,,boundary,vertical,143.0,752.75,263.75,143.0,722.85,303.23,264,303,2878.0,junction,junction,0.0,1756.0,,,,1,1
7854,disconnected,,boundary,flat,143.0,722.85,303.23,182.25,752.75,302.75,303,303,2867.0,junction,junction,0.0,1749.0,,,,1,1
7857,disconnected,,boundary,flat,220.92,722.58,303.75,182.25,752.75,302.75,303,304,2850.0,junction,junction,0.0,1739.0,,,,1,1
7862,disconnected,,boundary,vertical,182.25,752.75,302.75,181.8,722.2,343.1,303,343,2941.0,junction,junction,0.0,1794.0,,,,1,1
7866,disconnected,,boundary,flat,299.0,751.5,265.0,260.38,722.0,265.23,265,265,2823.0,junction,junction,0.0,1723.0,,,,1,1
7867,disconnected,,boundary,flat,220.75,751.75,264.25,260.38,722.0,265.23,264,265,2880.0,junction,junction,0.0,1757.0,,,,1,1
7869,disconnected,,boundary,vertical,220.75,751.75,264.25,220.92,722.58,303.75,264,304,2853.0,junction,junction,0.0,1741.0,,,,1,1
7882,disconnected,,boundary,flat,220.92,722.58,303.75,259.75,751.0,303.75,304,304,2796.0,junction,junction,0.0,1706.0,,,,1,1
7885,disconnected,,boundary,flat,299.25,721.83,304.67,259.75,751.0,303.75,304,305,2853.0,junction,junction,0.0,1741.0,,,,1,1
7890,disconnected,,boundary,vertical,259.75,751.0,303.75,260.43,722.14,343.29,304,343,2844.0,junction,junction,0.0,1735.0,,,,1,1
7895,disconnected,,boundary,flat,299.0,751.5,265.0,338.5,721.5,265.0,265,265,2882.0,junction,junction,0.0,1758.0,,,,1,1
7897,disconnected,,boundary,vertical,299.0,751.5,265.0,299.25,721.83,304.67,265,305,2878.0,junction,junction,0.0,1756.0,,,,1,1
7910,disconnected,,boundary,flat,299.25,721.83,304.67,338.0,751.75,304.0,304,305,2845.0,junction,junction,0.0,1736.0,,,,1,1
7913,disconnected,,boundary,flat,377.36,721.45,304.73,338.0,751.75,304.0,304,305,2886.0,junction,junction,0.0,1761.0,,,,1,1
7918,disconnected,,boundary,vertical,338.0,751.75,304.0,338.27,721.36,343.82,304,344,2910.0,junction,junction,0.0,1776.0,,,,1,1
7922,disconnected,,boundary,flat,455.75,750.5,265.75,416.73,720.82,265.73,266,266,2849.0,junction,junction,0.0,1738.0,,,,1,1
7923,disconnected,,boundary,flat,376.75,751.0,264.75,416.73,720.82,265.73,265,266,2911.0,junction,junction,0.0,1776.0,,,,1,1
7925,disconnected,,boundary,vertical,376.75,751.0,264.75,377.36,721.45,304.73,265,305,2888.0,junction,junction,0.0,1762.0,,,,1,1
7938,disconnected,,boundary,flat,377.36,721.45,304.73,416.25,751.25,304.75,305,305,2846.0,junction,junction,0.0,1737.0,,,,1,1
7941,disconnected,,boundary,flat,455.6,721.0,304.5,416.25,751.25,304.75,304,305,2884.0,junction,junction,0.0,1760.0,,,,1,1
7946,disconnected,,boundary,vertical,416.25,751.25,304.75,416.92,721.08,343.77,305,344,2866.0,junction,junction,0.0,1749.0,,,,1,1
7950,disconnected,,boundary,flat,534.5,750.0,265.75,494.73,720.0,266.09,266,266,2895.0,junction,junction,0.0,1766.0,,,,1,1
7951,disconnected,,boundary,flat,455.75,750.5,265.75,494.73,720.0,266.09,266,266,2876.0,junction,junction,0.0,1755.0,,,,1,1
7953,disconnected,,boundary,vertical,455.75,750.5,265.75,455.6,721.0,304.5,266,304,2830.0,junction,junction,0.0,1727.0,,,,1,1
7966,disconnected,,boundary,flat,455.6,721.0,304.5,494.75,750.25,304.75,304,305,2839.0,junction,junction,0.0,1733.0,,,,1,1
7969,disconnected,,boundary,flat,534.25,720.33,304.75,494.75,750.25,304.75,305,305,2879.0,junction,junction,0.0,1757.0,,,,1,1
7974,disconnected,,boundary,vertical,494.75,750.25,304.75,494.58,720.25,343.92,305,344,2866.0,junction,junction,0.0,1749.0,,,,1,1
7978,disconnected,,boundary,flat,611.75,749.25,266.75,573.75,720.25,266.5,266,267,2777.0,junction,junction,0.0,1695.0,,,,1,1
7979,disconnected,,boundary,flat,534.5,750.0,265.75,573.75,720.25,266.5,266,266,2862.0,junction,junction,0.0,1746.0,,,,1,1
7981,disconnected,,boundary,vertical,534.5,750.0,265.75,534.25,720.33,304.75,266,305,2847.0,junction,junction,0.0,1737.0,,,,1,1
7994,disconnected,,boundary,flat,534.25,720.33,304.75,573.0,750.5,305.5,305,306,2854.0,junction,junction,0.0,1741.0,,,,1,1
7997,disconnected,,boundary,flat,612.45,720.18,305.55,573.0,750.5,305.5,306,306,2891.0,junction,junction,0.0,1764.0,,,,1,1
8006,disconnected,,boundary,flat,690.0,749.0,265.75,651.44,719.33,266.78,266,267,2827.0,junction,junction,0.0,1725.0,,,,1,1
8007,disconnected,,boundary,flat,611.75,749.25,266.75,651.44,719.33,266.78,267,267,2888.0,junction,junction,0.0,1762.0,,,,1,1
8009,disconnected,,boundary,vertical,611.75,749.25,266.75,612.45,720.18,305.55,267,306,2817.0,junction,junction,0.0,1719.0,,,,1,1
8022,disconnected,,boundary,flat,612.45,720.18,305.55,650.75,749.0,306.0,306,306,2785.0,junction,junction,0.0,1699.0,,,,1,1
8025,disconnected,,boundary,flat,690.31,719.31,306.0,650.75,749.0,306.0,306,306,2874.0,junction,junction,0.0,1753.0,,,,1,1
8030,disconnected,,boundary,vertical,650.75,749.0,306.0,651.0,719.91,344.45,306,344,2802.0,junction,junction,0.0,1709.0,,,,1,1
8035,disconnected,,boundary,flat,690.0,749.0,265.75,729.0,718.69,266.77,266,267,2870.0,junction,junction,0.0,1751.0,,,,1,1
8037,disconnected,,boundary,vertical,690.0,749.0,265.75,690.31,719.31,306.0,266,306,2906.0,junction,junction,0.0,1773.0,,,,1,1
8041,disconnected,,boundary,vertical,763.67,747.67,267.33,765.67,719.0,306.67,267,307,2830.0,junction,junction,0.0,1727.0,,,,1,1
8054,disconnected,,boundary,flat,690.31,719.31,306.0,728.25,748.5,306.0,306,306,2781.0,junction,junction,0.0,1697.0,,,,1,1
8057,disconnected,,boundary,flat,765.67,719.0,306.67,728.25,748.5,306.0,306,307,2769.0,junction,junction,0.0,1689.0,,,,1,1
8062,disconnected,,boundary,vertical,728.25,748.5,306.0,729.17,719.25,345.17,306,345,2841.0,junction,junction,0.0,1733.0,,,,1,1
8121,disconnected,,boundary,vertical,294.8,53.6,342.4,262.17,50.77,380.63,342,381,2925.0,junction,junction,0.0,1785.0,,,,1,1
8123,disconnected,,boundary,vertical,295.61,54.43,421.77,262.17,50.77,380.63,381,422,3088.0,partial,junction,0.0,1884.0,,,,-1,0
8137,disconnected,,boundary,flat,377.0,55.87,344.0,344.42,86.95,335.05,335,344,2667.0,junction,junction,0.0,1627.0,,,,1,1
8140,disconnected,,boundary,vertical,294.8,53.6,342.4,300.22,82.06,380.72,342,381,2791.0,junction,junction,0.0,1703.0,,,,1,1
8146,disconnected,,boundary,vertical,295.61,54.43,421.77,337.92,52.25,389.38,389,422,3098.0,partial,junction,53.0,1050.0,,,,-1,0
8151,disconnected,,boundary,flat,300.22,82.06,380.72,337.92,52.25,389.38,381,389,2837.0,junction,junction,0.0,1731.0,,,,1,1
8156,disconnected,,boundary,flat,337.92,52.25,389.38,378.2,85.76,381.38,381,389,3079.0,junction,junction,0.0,1879.0,,,,1,1
8157,disconnected,,boundary,vertical,337.92,52.25,389.38,334.58,92.0,422.33,389,422,3006.0,junction,junction,102.0,1834.0,,,,1,1
8160,disconnected,,boundary,flat,377.0,55.87,344.0,413.56,89.33,343.11,343,344,2880.0,junction,junction,1416.0,293.0,,,,2,0
8170,disconnected,,boundary,vertical,372.88,54.38,423.0,413.2,52.4,381.4,381,423,3368.0,junction,junction,1655.0,400.0,,,,2,0
8173,disconnected,,interior,vertical,378.2,85.76,381.38,413.56,89.33,343.11,343,381,3034.0,junction,junction,1286.0,566.0,,,,2,0
8175,disconnected,,boundary,flat,378.2,85.76,381.38,413.2,52.4,381.4,381,381,2809.0,junction,junction,48.0,1714.0,,,,1,1
8181,disconnected,,boundary,vertical,413.2,52.4,381.4,416.27,82.85,418.88,381,419,2811.0,junction,junction,48.0,1668.0,,,,1,1
8258,disconnected,,boundary,flat,761.33,121.6,349.47,732.28,93.92,339.58,340,349,2401.0,junction,junction,122.0,1465.0,,,,1,1
8265,disconnected,,boundary,vertical,761.33,121.6,349.47,761.7,88.0,384.9,349,385,2837.0,junction,junction,1395.0,289.0,,,,2,0
8477,disconnected,,boundary,flat,761.33,121.6,349.47,733.97,160.78,342.12,342,349,2809.0,junction,junction,48.0,1714.0,,,,1,1
8484,disconnected,,boundary,vertical,761.33,121.6,349.47,761.62,166.75,384.5,349,384,3320.0,junction,junction,113.0,957.0,,,,1,0
8734,disconnected,,boundary,vertical,67.58,285.08,417.58,102.27,288.73,381.73,382,418,2906.0,junction,junction,0.0,1773.0,,,,1,1
8936,disconnected,,boundary,vertical,757.64,319.5,377.93,727.06,323.28,345.67,346,378,2592.0,junction,junction,0.0,1582.0,,,,1,1
8956,disconnected,,boundary,vertical,66.17,406.92,381.83,102.64,407.09,421.36,382,421,3125.0,junction,junction,477.0,1271.0,,,,2,0
8976,disconnected,,interior,vertical,141.42,367.33,343.0,180.44,367.78,382.67,343,383,3233.0,junction,junction,0.0,1973.0,,,,2,0
9616,disconnected,,boundary,vertical,71.08,642.04,386.62,103.55,643.55,421.27,387,421,2760.0,junction,junction,0.0,1684.0,,,,1,1
9709,disconnected,,interior,vertical,454.58,602.25,343.83,420.98,600.63,377.06,344,377,2747.0,junction,junction,0.0,1676.0,,,,1,1
9712,disconnected,,interior,vertical,379.6,639.17,386.5,416.5,641.9,422.1,386,422,2983.0,junction,junction,0.0,1820.0,,,,1,1
9735,disconnected,,interior,vertical,532.75,602.5,423.58,498.88,598.71,388.58,389,424,2839.0,junction,junction,0.0,1732.0,,,,1,1
9826,disconnected,,boundary,flat,142.5,752.75,342.5,104.5,723.14,342.86,342,343,2799.0,junction,junction,0.0,1708.0,,,,1,1
9829,disconnected,,boundary,vertical,69.0,754.0,342.0,67.75,723.69,381.06,342,381,2874.0,junction,junction,0.0,1753.0,,,,1,1
9842,disconnected,,boundary,flat,67.75,723.69,381.06,104.0,753.75,381.0,381,381,2736.0,junction,junction,0.0,1670.0,,,,1,1
9845,disconnected,,boundary,flat,143.0,722.92,381.85,104.0,753.75,381.0,381,382,2889.0,junction,junction,0.0,1763.0,,,,1,1
9850,disconnected,,boundary,vertical,104.0,753.75,381.0,104.0,722.83,421.25,381,421,2949.0,junction,junction,0.0,1799.0,,,,1,1
9854,disconnected,,boundary,flat,220.5,751.75,342.75,181.8,722.2,343.1,343,343,2829.0,junction,junction,0.0,1726.0,,,,1,1
9855,disconnected,,boundary,flat,142.5,752.75,342.5,181.8,722.2,343.1,342,343,2892.0,junction,junction,0.0,1765.0,,,,1,1
9857,disconnected,,boundary,vertical,142.5,752.75,342.5,143.0,722.92,381.85,342,382,2869.0,junction,junction,0.0,1750.0,,,,1,1
9870,disconnected,,boundary,flat,143.0,722.92,381.85,181.75,752.25,382.0,382,382,2823.0,junction,junction,0.0,1723.0,,,,1,1
9873,disconnected,,boundary,flat,220.8,722.5,382.1,181.75,752.25,382.0,382,382,2852.0,junction,junction,48.0,1740.0,,,,1,1
9878,disconnected,,boundary,vertical,181.75,752.25,382.0,182.27,722.55,421.27,382,421,2861.0,junction,junction,0.0,1746.0,,,,1,1
9882,disconnected,,boundary,flat,299.25,752.0,343.5,260.43,722.14,343.29,343,344,2845.0,junction,junction,0.0,1736.0,,,,1,1
9883,disconnected,,boundary,flat,220.5,751.75,342.75,260.43,722.14,343.29,343,343,2888.0,junction,junction,0.0,1762.0,,,,1,1
9885,disconnected,,boundary,vertical,220.5,751.75,342.75,220.8,722.5,382.1,343,382,2849.0,junction,junction,0.0,1738.0,,,,1,1
9898,disconnected,,boundary,flat,220.8,722.5,382.1,259.75,752.5,382.25,382,382,2856.0,junction,junction,0.0,1743.0,,,,1,1
9901,disconnected,,boundary,flat,299.23,722.08,383.0,259.75,752.5,382.25,382,383,2896.0,junction,junction,0.0,1767.0,,,,1,1
9906,disconnected,,boundary,vertical,259.75,752.5,382.25,260.5,722.07,422.14,382,422,2915.0,junction,junction,0.0,1779.0,,,,1,1
9910,disconnected,,boundary,flat,377.25,750.75,343.5,338.27,721.36,343.82,344,344,2836.0,junction,junction,0.0,1731.0,,,,1,1
9911,disconnected,,boundary,flat,299.25,752.0,343.5,338.27,721.36,343.82,344,344,2883.0,junction,junction,0.0,1759.0,,,,1,1
9913,disconnected,,boundary,vertical,299.25,752.0,343.5,299.23,722.08,383.0,344,383,2879.0,junction,junction,0.0,1757.0,,,,1,1
9926,disconnected,,boundary,flat,299.23,722.08,383.0,338.0,751.0,382.0,382,383,2811.0,junction,junction,0.0,1715.0,,,,1,1
9929,disconnected,,boundary,flat,377.25,721.19,382.62,338.0,751.0,382.0,382,383,2864.0,junction,junction,0.0,1747.0,,,,1,1
9934,disconnected,,boundary,vertical,338.0,751.0,382.0,338.71,721.57,422.14,382,422,2892.0,junction,junction,0.0,1765.0,,,,1,1
9938,disconnected,,boundary,flat,455.5,750.5,343.25,416.92,721.08,343.77,343,344,2819.0,junction,junction,0.0,1720.0,,,,1,1
9939,disconnected,,boundary,flat,377.25,750.75,343.5,416.92,721.08,343.77,344,344,2878.0,junction,junction,0.0,1756.0,,,,1,1
9941,disconnected,,boundary,vertical,377.25,750.75,343.5,377.25,721.19,382.62,344,383,2849.0,junction,junction,0.0,1738.0,,,,1,1
9954,disconnected,,boundary,flat,377.25,721.19,382.62,416.25,751.5,383.0,383,383,2870.0,junction,junction,0.0,1751.0,,,,1,1
9957,disconnected,,boundary,flat,455.78,720.89,383.0,416.25,751.5,383.0,383,383,2905.0,junction,junction,0.0,1772.0,,,,1,1
9962,disconnected,,boundary,vertical,416.25,751.5,383.0,417.07,720.86,422.07,383,422,2885.0,junction,junction,0.0,1761.0,,,,1,1
9966,disconnected,,boundary,flat,533.75,750.5,343.75,494.58,720.25,343.92,344,344,2875.0,junction,junction,0.0,1754.0,,,,1,1
9967,disconnected,,boundary,flat,455.5,750.5,343.25,494.58,720.25,343.92,343,344,2872.0,junction,junction,0.0,1752.0,,,,1,1
9969,disconnected,,boundary,vertical,455.5,750.5,343.25,455.78,720.89,383.0,343,383,2880.0,junction,junction,0.0,1757.0,,,,1,1
9982,disconnected,,boundary,flat,455.78,720.89,383.0,494.75,750.75,383.0,383,383,2853.0,junction,junction,0.0,1741.0,,,,1,1
9985,disconnected,,boundary,flat,533.67,720.5,384.42,494.75,750.75,383.0,383,384,2865.0,junction,junction,0.0,1748.0,,,,1,1
9990,disconnected,,boundary,vertical,494.75,750.75,383.0,494.67,720.67,422.92,383,423,2904.0,junction,junction,0.0,1772.0,,,,1,1
9994,disconnected,,boundary,flat,611.25,750.0,344.25,572.36,719.86,344.79,344,345,2859.0,junction,junction,0.0,1745.0,,,,1,1
9995,disconnected,,boundary,flat,533.75,750.5,343.75,572.36,719.86,344.79,344,345,2864.0,junction,junction,0.0,1748.0,,,,1,1
9997,disconnected,,boundary,vertical,533.75,750.5,343.75,533.67,720.5,384.42,344,384,2936.0,junction,junction,0.0,1792.0,,,,1,1
10010,disconnected,,boundary,flat,533.67,720.5,384.42,572.25,750.0,383.5,384,384,2822.0,junction,junction,0.0,1722.0,,,,1,1
10013,disconnected,,boundary,flat,615.35,720.59,386.65,572.25,750.0,383.5,384,387,3037.0,junction,junction,0.0,1853.0,,,,1,1
10018,disconnected,,boundary,vertical,572.25,750.0,383.5,572.18,721.45,423.36,384,423,2849.0,junction,junction,0.0,1738.0,,,,1,1
10022,disconnected,,boundary,flat,689.5,749.75,344.5,651.0,719.91,344.45,344,344,2830.0,junction,junction,0.0,1727.0,,,,1,1
10023,disconnected,,boundary,flat,611.25,750.0,344.25,651.0,719.91,344.45,344,344,2897.0,junction,junction,0.0,1767.0,,,,1,1
10025,disconnected,,boundary,vertical,611.25,750.0,344.25,615.35,720.59,386.65,344,387,3008.0,junction,junction,0.0,1835.0,,,,1,1
10033,disconnected,,boundary,vertical,611.25,750.0,344.25,651.67,749.33,380.33,344,380,3148.0,junction,junction,1707.0,213.0,,,,2,0
10035,disconnected,,boundary,vertical,690.0,750.5,423.0,651.67,749.33,380.33,380,423,3333.0,junction,junction,1695.0,226.0,,,,2,0
10038,disconnected,,boundary,flat,615.35,720.59,386.65,651.67,749.33,380.33,380,387,2716.0,junction,junction,0.0,1657.0,,,,1,1
10041,disconnected,,boundary,flat,690.21,719.29,384.0,651.67,749.33,380.33,380,384,2848.0,junction,junction,0.0,1738.0,,,,1,1
10046,disconnected,,boundary,vertical,651.67,749.33,380.33,652.39,719.78,424.06,380,424,3066.0,junction,junction,0.0,1871.0,,,,2,0
10051,disconnected,,boundary,flat,689.5,749.75,344.5,729.17,719.25,345.17,344,345,2907.0,junction,junction,0.0,1774.0,,,,1,1
10053,disconnected,,boundary,vertical,689.5,749.75,344.5,690.21,719.29,384.0,344,384,2899.0,junction,junction,0.0,1769.0,,,,1,1
10064,disconnected,,boundary,vertical,763.5,749.0,340.0,729.0,750.0,383.5,340,384,3226.0,junction,junction,1531.0,219.0,,,,99,0
10070,disconnected,,boundary,flat,690.21,719.29,384.0,729.0,750.0,383.5,384,384,2875.0,junction,junction,49.0,1754.0,,,,1,1
10073,disconnected,,boundary,flat,766.75,723.88,379.38,729.0,750.0,383.5,379,384,2678.0,junction,junction,0.0,1634.0,,,,1,1
10078,disconnected,,boundary,vertical,729.0,750.0,383.5,728.92,719.38,423.62,384,424,2932.0,junction,junction,50.0,1789.0,,,,1,1
10177,disconnected,,boundary,flat,451.0,53.14,422.0,416.27,82.85,418.88,419,422,2662.0,junction,junction,0.0,1624.0,,,,1,1
10260,disconnected,,interior,vertical,614.41,86.9,468.9,647.0,89.9,502.2,469,502,2713.0,junction,junction,0.0,1655.0,,,,1,1
10944,disconnected,,interior,vertical,691.28,280.33,427.83,725.25,284.75,463.17,428,463,2859.0,junction,junction,0.0,1745.0,,,,1,1
11091,disconnected,,interior,vertical,531.0,366.09,500.73,496.89,363.96,466.46,466,501,2812.0,junction,junction,0.0,1716.0,,,,1,1
11555,disconnected,,interior,vertical,610.75,523.25,501.92,575.6,521.37,466.53,467,502,2900.0,junction,junction,0.0,1769.0,,,,1,1
11681,disconnected,,interior,vertical,218.06,642.94,464.04,259.4,643.7,422.45,422,464,3407.0,junction,junction,0.0,2079.0,,,,1,1
11842,disconnected,,boundary,flat,142.75,751.75,421.75,104.0,722.83,421.25,421,422,2809.0,junction,junction,0.0,1714.0,,,,1,1
11845,disconnected,,boundary,vertical,69.33,753.0,419.33,67.2,723.7,460.3,419,460,2929.0,junction,junction,0.0,1787.0,,,,1,1
11853,disconnected,,boundary,vertical,69.33,753.0,419.33,104.0,752.0,460.75,419,461,3139.0,junction,junction,1649.0,213.0,,,,2,0
11858,disconnected,,boundary,flat,67.2,723.7,460.3,104.0,752.0,460.75,460,461,2697.0,junction,junction,0.0,1646.0,,,,1,1
11861,disconnected,,boundary,flat,143.6,724.0,459.95,104.0,752.0,460.75,460,461,2818.0,junction,junction,48.0,1720.0,,,,1,1
11866,disconnected,,boundary,vertical,104.0,752.0,460.75,102.77,724.15,499.69,461,500,2782.0,junction,junction,0.0,1698.0,,,,1,1
11870,disconnected,,boundary,flat,220.75,752.25,421.75,182.27,722.55,421.27,421,422,2824.0,junction,junction,0.0,1723.0,,,,1,1
11871,disconnected,,boundary,flat,142.75,751.75,421.75,182.27,722.55,421.27,421,422,2855.0,junction,junction,0.0,1742.0,,,,1,1
11873,disconnected,,boundary,vertical,142.75,751.75,421.75,143.6,724.0,459.95,422,460,2744.0,junction,junction,0.0,1674.0,,,,1,1
11886,disconnected,,boundary,flat,143.6,724.0,459.95,181.25,752.25,460.0,460,460,2735.0,junction,junction,0.0,1669.0,,,,1,1
11889,disconnected,,boundary,flat,221.23,722.23,460.62,181.25,752.25,460.0,460,461,2905.0,junction,junction,0.0,1773.0,,,,1,1
11894,disconnected,,boundary,vertical,181.25,752.25,460.0,183.0,722.23,500.55,460,501,2933.0,junction,junction,0.0,1790.0,,,,1,1
11898,disconnected,,boundary,flat,299.25,752.5,421.5,260.5,722.07,422.14,422,422,2863.0,junction,junction,0.0,1747.0,,,,1,1
11899,disconnected,,boundary,flat,220.75,752.25,421.75,260.5,722.07,422.14,422,422,2900.0,junction,junction,0.0,1769.0,,,,1,1
11901,disconnected,,boundary,vertical,220.75,752.25,421.75,221.23,722.23,460.62,422,461,2853.0,junction,junction,0.0,1741.0,,,,1,1
11914,disconnected,,boundary,flat,221.23,722.23,460.62,259.5,751.75,460.25,460,461,2808.0,junction,junction,0.0,1713.0,,,,1,1
11917,disconnected,,boundary,flat,298.8,721.6,460.9,259.5,751.75,460.25,460,461,2878.0,junction,junction,0.0,1756.0,,,,1,1
11922,disconnected,,boundary,vertical,259.5,751.75,460.25,260.0,722.69,499.92,460,500,2857.0,junction,junction,0.0,1743.0,,,,1,1
11926,disconnected,,boundary,flat,376.75,751.75,421.25,338.71,721.57,422.14,421,422,2821.0,junction,junction,0.0,1722.0,,,,1,1
11929,disconnected,,boundary,vertical,299.25,752.5,421.5,298.8,721.6,460.9,422,461,2909.0,junction,junction,0.0,1775.0,,,,1,1
11942,disconnected,,boundary,flat,298.8,721.6,460.9,338.0,751.75,461.25,461,461,2873.0,junction,junction,0.0,1753.0,,,,1,1
11945,disconnected,,boundary,flat,376.7,721.6,461.1,338.0,751.75,461.25,461,461,2850.0,junction,junction,0.0,1739.0,,,,1,1
11954,disconnected,,boundary,flat,454.75,751.5,422.25,417.07,720.86,422.07,422,422,2822.0,junction,junction,0.0,1722.0,,,,1,1
11955,disconnected,,boundary,flat,376.75,751.75,421.25,417.07,720.86,422.07,421,422,2952.0,junction,junction,0.0,1801.0,,,,1,1
11957,disconnected,,boundary,vertical,376.75,751.75,421.25,376.7,721.6,461.1,421,461,2903.0,junction,junction,0.0,1771.0,,,,1,1
11970,disconnected,,boundary,flat,376.7,721.6,461.1,416.0,751.0,461.0,461,461,2852.0,junction,junction,0.0,1740.0,,,,1,1
11973,disconnected,,boundary,flat,454.94,722.17,461.39,416.0,751.0,461.0,461,461,2815.0,junction,junction,0.0,1718.0,,,,1,1
11978,disconnected,,boundary,vertical,416.0,751.0,461.0,416.54,721.15,500.69,461,501,2886.0,junction,junction,0.0,1761.0,,,,1,1
11982,disconnected,,boundary,flat,534.0,750.0,423.0,494.67,720.67,422.92,423,423,2851.0,junction,junction,0.0,1739.0,,,,1,1
11983,disconnected,,boundary,flat,454.75,751.5,422.25,494.67,720.67,422.92,422,423,2931.0,junction,junction,0.0,1788.0,,,,1,1
11998,disconnected,,boundary,flat,454.94,722.17,461.39,494.5,750.5,461.5,461,462,2827.0,junction,junction,0.0,1725.0,,,,1,1
12001,disconnected,,boundary,flat,533.28,719.72,462.78,494.5,750.5,461.5,462,463,2877.0,junction,junction,0.0,1756.0,,,,1,1
12010,disconnected,,boundary,flat,611.5,750.25,423.25,572.18,721.45,423.36,423,423,2832.0,junction,junction,0.0,1728.0,,,,1,1
12011,disconnected,,boundary,flat,534.0,750.0,423.0,572.18,721.45,423.36,423,423,2770.0,junction,junction,0.0,1690.0,,,,1,1
12026,disconnected,,boundary,flat,533.28,719.72,462.78,572.75,750.25,461.0,461,463,2901.0,junction,junction,0.0,1770.0,,,,1,1
12029,disconnected,,boundary,flat,611.38,720.5,463.0,572.75,750.25,461.0,461,463,2835.0,junction,junction,0.0,1730.0,,,,1,1
12034,disconnected,,boundary,vertical,572.75,750.25,461.0,572.55,720.18,501.09,461,501,2912.0,junction,junction,0.0,1777.0,,,,1,1
12038,disconnected,,boundary,flat,690.0,750.5,423.0,652.39,719.78,424.06,423,424,2822.0,junction,junction,0.0,1722.0,,,,1,1
12039,disconnected,,boundary,flat,611.5,750.25,423.25,652.39,719.78,424.06,423,424,2963.0,junction,junction,0.0,1808.0,,,,1,1
12054,disconnected,,boundary,flat,611.38,720.5,463.0,650.25,750.25,462.0,462,463,2845.0,junction,junction,0.0,1736.0,,,,1,1
12057,disconnected,,boundary,flat,689.91,719.73,462.45,650.25,750.25,462.0,462,462,2908.0,junction,junction,0.0,1774.0,,,,1,1
12062,disconnected,,boundary,vertical,650.25,750.25,462.0,650.7,719.9,501.8,462,502,2908.0,junction,junction,0.0,1774.0,,,,1,1
12067,disconnected,,boundary,flat,690.0,750.5,423.0,728.92,719.38,423.62,423,424,2895.0,junction,junction,0.0,1767.0,,,,1,1
12069,disconnected,,boundary,vertical,690.0,750.5,423.0,689.91,719.73,462.45,423,462,2907.0,junction,junction,0.0,1774.0,,,,1,1
12073,disconnected,,boundary,vertical,763.0,749.0,423.33,765.0,719.8,463.6,423,464,2892.0,junction,junction,0.0,1765.0,,,,1,1
12086,disconnected,,boundary,flat,689.91,719.73,462.45,728.75,750.0,462.25,462,462,2861.0,junction,junction,97.0,1746.0,,,,1,1
12089,disconnected,,boundary,flat,765.0,719.8,463.6,728.75,750.0,462.25,462,464,2742.0,junction,junction,0.0,1673.0,,,,1,1
12094,disconnected,,boundary,vertical,728.75,750.0,462.25,729.0,719.33,502.25,462,502,2928.0,junction,junction,50.0,1787.0,,,,1,1
12156,disconnected,,interior,vertical,222.77,89.68,544.68,256.25,93.25,579.38,545,579,2809.0,junction,junction,0.0,1714.0,,,,1,1
13016,disconnected,,interior,vertical,212.18,405.27,531.33,180.33,407.8,499.93,500,531,2603.0,junction,junction,0.0,1588.0,,,,1,1
13107,disconnected,,interior,vertical,525.27,361.19,573.81,491.86,366.86,541.0,541,574,2740.0,junction,junction,0.0,1672.0,,,,1,1
13644,disconnected,,boundary,vertical,71.33,601.59,506.96,103.82,604.27,538.36,507,538,2630.0,junction,junction,0.0,1604.0,,,,1,1
13861,disconnected,,boundary,vertical,68.33,753.67,499.0,67.1,723.9,538.0,499,538,2851.0,junction,junction,0.0,1740.0,,,,1,1
13874,disconnected,,boundary,flat,67.1,723.9,538.0,103.25,753.25,538.25,538,538,2705.0,junction,junction,0.0,1651.0,,,,1,1
13877,disconnected,,boundary,flat,142.8,723.47,539.53,103.25,753.25,538.25,538,540,2878.0,junction,junction,0.0,1756.0,,,,1,1
13882,disconnected,,boundary,vertical,103.25,753.25,538.25,103.73,723.45,578.73,538,579,2920.0,junction,junction,0.0,1782.0,,,,1,1
13886,disconnected,,boundary,flat,220.5,752.25,499.5,183.0,722.23,500.55,500,501,2792.0,junction,junction,0.0,1703.0,,,,1,1
13887,disconnected,,boundary,flat,141.5,752.5,498.75,183.0,722.23,500.55,499,501,2986.0,junction,junction,0.0,1822.0,,,,1,1
13889,disconnected,,boundary,vertical,141.5,752.5,498.75,142.8,723.47,539.53,499,540,2910.0,junction,junction,0.0,1775.0,,,,1,1
13902,disconnected,,boundary,flat,142.8,723.47,539.53,180.75,752.25,538.5,538,540,2768.0,junction,junction,0.0,1689.0,,,,1,1
13905,disconnected,,boundary,flat,220.69,722.92,539.15,180.75,752.25,538.5,538,539,2879.0,junction,junction,0.0,1757.0,,,,1,1
13910,disconnected,,boundary,vertical,180.75,752.25,538.5,181.71,723.0,578.71,538,579,2890.0,junction,junction,0.0,1763.0,,,,1,1
13914,disconnected,,boundary,flat,298.5,752.5,500.25,260.0,722.69,499.92,500,500,2829.0,junction,junction,0.0,1726.0,,,,1,1
13915,disconnected,,boundary,flat,220.5,752.25,499.5,260.0,722.69,499.92,500,500,2866.0,junction,junction,0.0,1749.0,,,,1,1
13917,disconnected,,boundary,vertical,220.5,752.25,499.5,220.69,722.92,539.15,500,539,2866.0,junction,junction,0.0,1748.0,,,,1,1
13930,disconnected,,boundary,flat,220.69,722.92,539.15,260.0,751.75,539.5,539,540,2832.0,junction,junction,0.0,1728.0,,,,1,1
13933,disconnected,,boundary,flat,298.94,722.12,539.44,260.0,751.75,539.5,539,540,2843.0,junction,junction,48.0,1734.0,,,,1,1
13942,disconnected,,boundary,flat,377.0,752.25,500.25,338.43,719.77,500.73,500,501,2930.0,junction,partial,0.0,1788.0,,,,-1,0
13943,disconnected,,boundary,flat,298.5,752.5,500.25,338.43,719.77,500.73,500,501,3000.0,junction,partial,0.0,1830.0,,,,-1,0
13958,disconnected,,boundary,flat,298.94,722.12,539.44,338.25,752.25,539.0,539,539,2878.0,junction,junction,0.0,1756.0,,,,1,1
13966,disconnected,,boundary,vertical,338.25,752.25,539.0,337.7,722.1,578.7,539,579,2897.0,junction,junction,0.0,1767.0,,,,1,1
13967,disconnected,,boundary,vertical,338.25,752.25,539.0,338.43,719.77,500.73,501,539,2916.0,junction,partial,0.0,1780.0,,,,-1,0
13970,disconnected,,boundary,flat,455.5,751.0,500.75,416.54,721.15,500.69,501,501,2852.0,junction,junction,0.0,1740.0,,,,1,1
13971,disconnected,,boundary,flat,377.0,752.25,500.25,416.54,721.15,500.69,500,501,2923.0,junction,junction,0.0,1783.0,,,,1,1
13986,disconnected,,boundary,flat,376.85,721.38,539.54,415.25,751.75,539.25,539,540,2845.0,junction,junction,0.0,1736.0,,,,1,1
13989,disconnected,,boundary,flat,455.33,720.89,540.22,415.25,751.75,539.25,539,540,2940.0,junction,junction,0.0,1794.0,,,,1,1
13994,disconnected,,boundary,vertical,415.25,751.75,539.25,416.18,721.45,579.64,539,580,2934.0,junction,junction,0.0,1790.0,,,,1,1
13998,disconnected,,boundary,flat,533.25,750.25,500.5,494.89,721.0,501.33,500,501,2803.0,junction,junction,0.0,1710.0,,,,1,1
13999,disconnected,,boundary,flat,455.5,751.0,500.75,494.89,721.0,501.33,501,501,2877.0,junction,junction,0.0,1755.0,,,,1,1
14001,disconnected,,boundary,vertical,455.5,751.0,500.75,455.33,720.89,540.22,501,540,2884.0,junction,junction,0.0,1760.0,,,,1,1
14014,disconnected,,boundary,flat,455.33,720.89,540.22,494.0,750.5,539.5,540,540,2830.0,junction,junction,0.0,1727.0,,,,1,1
14017,disconnected,,boundary,flat,533.73,720.64,540.73,494.0,750.5,539.5,540,541,2888.0,junction,junction,0.0,1762.0,,,,1,1
14022,disconnected,,boundary,vertical,494.0,750.5,539.5,494.0,721.0,579.55,540,580,2890.0,junction,junction,0.0,1763.0,,,,1,1
14026,disconnected,,boundary,flat,612.0,750.5,501.25,572.55,720.18,501.09,501,501,2891.0,junction,junction,0.0,1764.0,,,,1,1
14027,disconnected,,boundary,flat,533.25,750.25,500.5,572.55,720.18,501.09,500,501,2875.0,junction,junction,0.0,1754.0,,,,1,1
14029,disconnected,,boundary,vertical,533.25,750.25,500.5,533.73,720.64,540.73,500,541,2902.0,junction,junction,0.0,1771.0,,,,1,1
14042,disconnected,,boundary,flat,533.73,720.64,540.73,572.25,750.5,540.0,540,541,2832.0,junction,junction,0.0,1728.0,,,,1,1
14045,disconnected,,boundary,flat,612.2,720.7,540.7,572.25,750.5,540.0,540,541,2896.0,junction,junction,0.0,1767.0,,,,1,1
14050,disconnected,,boundary,vertical,572.25,750.5,540.0,572.67,721.08,579.75,540,580,2873.0,junction,junction,0.0,1753.0,,,,1,1
14054,disconnected,,boundary,flat,689.5,749.25,501.5,650.7,719.9,501.8,502,502,2827.0,junction,junction,0.0,1725.0,,,,1,1
14055,disconnected,,boundary,flat,612.0,750.5,501.25,650.7,719.9,501.8,501,502,2867.0,junction,junction,0.0,1749.0,,,,1,1
14057,disconnected,,boundary,vertical,612.0,750.5,501.25,612.2,720.7,540.7,501,541,2873.0,junction,junction,0.0,1753.0,,,,1,1
14070,disconnected,,boundary,flat,612.2,720.7,540.7,650.25,750.0,541.0,541,541,2790.0,junction,junction,0.0,1703.0,,,,1,1
14073,disconnected,,boundary,flat,689.93,719.86,540.71,650.25,750.0,541.0,541,541,2895.0,junction,junction,0.0,1767.0,,,,1,1
14078,disconnected,,boundary,vertical,650.25,750.0,541.0,651.85,719.0,578.55,541,579,2831.0,junction,junction,0.0,1727.0,,,,1,1
14083,disconnected,,boundary,flat,689.5,749.25,501.5,729.0,719.33,502.25,502,502,2879.0,junction,junction,0.0,1757.0,,,,1,1
14085,disconnected,,boundary,vertical,689.5,749.25,501.5,689.93,719.86,540.71,502,541,2847.0,junction,junction,0.0,1737.0,,,,1,1
14089,disconnected,,boundary,vertical,762.0,749.0,502.33,764.92,719.67,541.92,502,542,2867.0,junction,junction,0.0,1750.0,,,,1,1
14099,disconnected,,boundary,vertical,762.5,749.5,576.0,728.33,750.0,537.67,538,576,2984.0,junction,junction,1719.0,303.0,,,,99,0
14102,disconnected,,boundary,flat,689.93,719.86,540.71,728.33,750.0,537.67,538,541,2842.0,junction,junction,0.0,1734.0,,,,1,1
14105,disconnected,,boundary,flat,764.92,719.67,541.92,728.33,750.0,537.67,538,542,2772.0,junction,junction,0.0,1691.0,,,,1,1
14110,disconnected,,boundary,vertical,728.33,750.0,537.67,728.89,719.67,580.22,538,580,3036.0,junction,junction,0.0,1853.0,,,,2,0
14295,disconnected,,boundary,flat,615.87,83.1,619.87,646.67,53.33,620.0,620,620,2489.0,junction,junction,84.0,1518.0,,,,1,1
14487,disconnected,,interior,vertical,602.95,124.95,653.73,568.0,130.31,619.69,620,654,2852.0,junction,junction,0.0,1740.0,,,,1,1
14488,disconnected,,interior,vertical,537.29,167.54,626.6,568.89,170.0,658.44,627,658,2610.0,junction,junction,0.0,1593.0,,,,1,1
14927,disconnected,,interior,vertical,608.45,287.18,658.0,573.5,283.38,623.19,623,658,2875.0,junction,junction,0.0,1754.0,,,,1,1
15660,disconnected,,boundary,vertical,70.3,597.7,582.2,102.77,603.88,616.23,582,616,2756.0,junction,junction,0.0,1682.0,,,,1,1
15874,disconnected,,boundary,flat,142.25,753.25,578.0,103.73,723.45,578.73,578,579,2830.0,junction,junction,0.0,1727.0,,,,1,1
15877,disconnected,,boundary,vertical,68.0,754.0,577.0,67.36,723.82,616.82,577,617,2903.0,junction,junction,0.0,1771.0,,,,1,1
15890,disconnected,,boundary,flat,67.36,723.82,616.82,103.0,754.25,616.25,616,617,2723.0,junction,junction,0.0,1661.0,,,,1,1
15893,disconnected,,boundary,flat,142.25,723.08,617.42,103.0,754.25,616.25,616,617,2913.0,junction,junction,49.0,1777.0,,,,1,1
15898,disconnected,,boundary,vertical,103.0,754.25,616.25,103.19,723.31,655.38,616,655,2898.0,junction,junction,0.0,1768.0,,,,1,1
15902,disconnected,,boundary,flat,220.0,752.75,578.0,181.71,723.0,578.71,578,579,2817.0,junction,junction,0.0,1719.0,,,,1,1
15903,disconnected,,boundary,flat,142.25,753.25,578.0,181.71,723.0,578.71,578,579,2889.0,junction,junction,0.0,1763.0,,,,1,1
15905,disconnected,,boundary,vertical,142.25,753.25,578.0,142.25,723.08,617.42,578,617,2884.0,junction,junction,0.0,1760.0,,,,1,1
15918,disconnected,,boundary,flat,142.25,723.08,617.42,181.5,753.75,617.25,617,617,2894.0,junction,junction,0.0,1766.0,,,,1,1
15921,disconnected,,boundary,flat,220.07,722.79,617.86,181.5,753.75,617.25,617,618,2874.0,junction,junction,0.0,1754.0,,,,1,1
15926,disconnected,,boundary,vertical,181.5,753.75,617.25,181.17,723.08,657.0,617,657,2917.0,junction,junction,0.0,1780.0,,,,1,1
15930,disconnected,,boundary,flat,298.5,752.25,578.25,259.5,721.64,578.57,578,579,2880.0,junction,junction,0.0,1758.0,,,,1,1
15931,disconnected,,boundary,flat,220.0,752.75,578.0,259.5,721.64,578.57,578,579,2921.0,junction,junction,0.0,1783.0,,,,1,1
15933,disconnected,,boundary,vertical,220.0,752.75,578.0,220.07,722.79,617.86,578,618,2897.0,junction,junction,0.0,1768.0,,,,1,1
15946,disconnected,,boundary,flat,220.07,722.79,617.86,259.5,752.5,616.75,617,618,2869.0,junction,junction,0.0,1751.0,,,,1,1
15949,disconnected,,boundary,flat,298.31,722.23,617.77,259.5,752.5,616.75,617,618,2860.0,junction,junction,0.0,1745.0,,,,1,1
15954,disconnected,,boundary,vertical,259.5,752.5,616.75,259.92,722.25,656.75,617,657,2914.0,junction,junction,0.0,1778.0,,,,1,1
15958,disconnected,,boundary,flat,377.0,752.0,579.25,337.7,722.1,578.7,579,579,2869.0,junction,junction,0.0,1751.0,,,,1,1
15959,disconnected,,boundary,flat,298.5,752.25,578.25,337.7,722.1,578.7,578,579,2873.0,junction,junction,0.0,1753.0,,,,1,1
15961,disconnected,,boundary,vertical,298.5,752.25,578.25,298.31,722.23,617.77,578,618,2883.0,junction,junction,0.0,1759.0,,,,1,1
15971,disconnected,,boundary,vertical,380.0,751.0,658.0,337.5,752.25,617.75,618,658,3402.0,junction,junction,1787.0,231.0,,,,2,0
15974,disconnected,,boundary,flat,298.31,722.23,617.77,337.5,752.25,617.75,618,618,2868.0,junction,junction,0.0,1750.0,,,,1,1
15977,disconnected,,boundary,flat,377.15,722.08,618.31,337.5,752.25,617.75,618,618,2895.0,junction,junction,0.0,1767.0,,,,1,1
15982,disconnected,,boundary,vertical,337.5,752.25,617.75,337.64,721.91,657.18,618,657,2891.0,junction,junction,0.0,1764.0,,,,1,1
15986,disconnected,,boundary,flat,455.5,751.0,579.5,416.18,721.45,579.64,580,580,2857.0,junction,junction,0.0,1744.0,,,,1,1
15987,disconnected,,boundary,flat,377.0,752.0,579.25,416.18,721.45,579.64,579,580,2887.0,junction,junction,0.0,1761.0,,,,1,1
16002,disconnected,,boundary,flat,377.15,722.08,618.31,415.75,751.25,618.0,618,618,2811.0,junction,junction,0.0,1715.0,,,,1,1
16005,disconnected,,boundary,flat,454.93,721.43,618.43,415.75,751.25,618.0,618,618,2861.0,junction,junction,0.0,1746.0,,,,1,1
16010,disconnected,,boundary,vertical,415.75,751.25,618.0,416.18,721.64,657.36,618,657,2862.0,junction,junction,0.0,1746.0,,,,1,1
16014,disconnected,,boundary,flat,533.25,751.0,579.5,494.0,721.0,579.55,580,580,2870.0,junction,junction,0.0,1751.0,,,,1,1
16015,disconnected,,boundary,flat,455.5,751.0,579.5,494.0,721.0,579.55,580,580,2836.0,junction,junction,0.0,1730.0,,,,1,1
16017,disconnected,,boundary,vertical,455.5,751.0,579.5,454.93,721.43,618.43,580,618,2841.0,junction,junction,0.0,1733.0,,,,1,1
16030,disconnected,,boundary,flat,454.93,721.43,618.43,493.75,751.25,618.25,618,618,2844.0,junction,junction,0.0,1735.0,,,,1,1
16033,disconnected,,boundary,flat,533.69,721.0,619.31,493.75,751.25,618.25,618,619,2912.0,junction,junction,0.0,1777.0,,,,1,1
16038,disconnected,,boundary,vertical,493.75,751.25,618.25,494.33,721.44,658.0,618,658,2887.0,junction,junction,0.0,1761.0,,,,1,1
16042,disconnected,,boundary,flat,611.5,750.5,579.75,572.67,721.08,579.75,580,580,2830.0,junction,junction,0.0,1727.0,,,,1,1
16043,disconnected,,boundary,flat,533.25,751.0,579.5,572.67,721.08,579.75,580,580,2875.0,junction,junction,0.0,1754.0,,,,1,1
16045,disconnected,,boundary,vertical,533.25,751.0,579.5,533.69,721.0,619.31,580,619,2896.0,junction,junction,49.0,1767.0,,,,1,1
16058,disconnected,,boundary,flat,533.69,721.0,619.31,572.0,751.0,618.0,618,619,2828.0,junction,junction,0.0,1726.0,,,,1,1
16061,disconnected,,boundary,flat,611.92,720.67,619.33,572.0,751.0,618.0,618,619,2914.0,junction,junction,0.0,1778.0,,,,1,1
16066,disconnected,,boundary,vertical,572.0,751.0,618.0,572.5,720.43,657.93,618,658,2922.0,junction,junction,0.0,1783.0,,,,1,1
16070,disconnected,,boundary,flat,689.5,750.25,580.0,651.85,719.0,578.55,579,580,2844.0,junction,junction,48.0,1735.0,,,,1,1
16071,disconnected,,boundary,flat,611.5,750.5,579.75,651.85,719.0,578.55,579,580,2975.0,junction,junction,0.0,1815.0,,,,1,1
16073,disconnected,,boundary,vertical,611.5,750.5,579.75,611.92,720.67,619.33,580,619,2880.0,junction,junction,0.0,1757.0,,,,1,1
16086,disconnected,,boundary,flat,611.92,720.67,619.33,650.5,751.0,618.5,618,619,2852.0,junction,junction,0.0,1740.0,,,,1,1
16089,disconnected,,boundary,flat,684.21,725.61,619.61,650.5,751.0,618.5,618,620,2453.0,junction,junction,0.0,1497.0,,,,1,1
16094,disconnected,,boundary,vertical,650.5,751.0,618.5,650.67,720.27,658.53,618,659,2932.0,junction,junction,0.0,1789.0,,,,1,1
16099,disconnected,,boundary,flat,689.5,750.25,580.0,728.89,719.67,580.22,580,580,2897.0,junction,junction,0.0,1768.0,,,,1,1
16101,disconnected,,boundary,vertical,689.5,750.25,580.0,684.21,725.61,619.61,580,620,2728.0,junction,junction,0.0,1664.0,,,,1,1
16112,disconnected,,boundary,vertical,762.5,749.5,576.0,728.5,750.0,618.5,576,618,3162.0,junction,junction,1608.0,214.0,,,,99,0
16118,disconnected,,boundary,flat,684.21,725.61,619.61,728.5,750.0,618.5,618,620,2938.0,junction,junction,50.0,1793.0,,,,1,1
16121,disconnected,,boundary,flat,766.0,723.35,616.3,728.5,750.0,618.5,616,618,2676.0,junction,junction,0.0,1633.0,,,,1,1
16126,disconnected,,boundary,vertical,728.5,750.0,618.5,728.57,719.79,658.86,618,659,2929.0,junction,junction,0.0,1787.0,,,,1,1
16714,disconnected,,interior,flat,218.38,250.0,696.0,257.83,290.17,696.33,696,696,3271.0,junction,junction,111.0,1663.0,,,,2,0
17107,disconnected,,boundary,vertical,686.0,286.0,735.67,652.16,282.47,703.25,703,736,2731.0,junction,junction,0.0,1666.0,,,,1,1
17248,disconnected,,interior,vertical,297.18,368.0,656.73,332.83,364.88,692.75,657,693,2950.0,junction,junction,0.0,1800.0,,,,1,1
17533,disconnected,,interior,vertical,453.64,446.09,657.0,414.78,445.46,703.83,657,704,3536.0,junction,junction,0.0,2157.0,,,,1,1
17562,disconnected,,boundary,vertical,451.71,435.33,744.14,494.05,445.65,696.17,696,744,3765.0,junction,junction,1595.0,702.0,,,,2,0
17895,disconnected,,boundary,flat,764.5,604.5,730.0,727.33,560.67,735.67,730,736,3355.0,junction,junction,0.0,2047.0,,,,2,0
17902,disconnected,,boundary,vertical,763.38,520.92,739.12,763.73,560.27,698.0,698,739,3307.0,partial,junction,56.0,1401.0,,,,-1,0
18070,disconnected,,boundary,vertical,458.0,668.67,743.67,446.61,643.42,707.15,707,744,2663.0,junction,junction,45.0,812.0,,,,1,0
18178,disconnected,,boundary,flat,142.0,754.0,655.75,103.19,723.31,655.38,655,656,2875.0,junction,junction,0.0,1754.0,,,,1,1
18180,disconnected,,boundary,flat,64.0,753.0,725.0,102.92,713.58,744.5,725,744,3412.0,junction,junction,231.0,2082.0,,,,2,0
18185,disconnected,,boundary,vertical,68.0,753.67,656.67,66.89,723.0,695.56,657,696,2878.0,junction,junction,0.0,1756.0,,,,1,1
18194,disconnected,,boundary,vertical,64.0,753.0,725.0,102.5,753.75,694.75,695,725,2845.0,junction,junction,1543.0,241.0,,,,2,0
18195,disconnected,,boundary,vertical,143.8,755.3,737.86,102.5,753.75,694.75,695,738,3470.0,partial,junction,1823.0,235.0,,,,-1,0
18198,disconnected,,boundary,flat,66.89,723.0,695.56,102.5,753.75,694.75,695,696,2734.0,junction,junction,0.0,1668.0,,,,1,1
18201,disconnected,,boundary,flat,142.75,723.5,695.92,102.5,753.75,694.75,695,696,2926.0,junction,junction,0.0,1785.0,,,,1,1
18206,disconnected,,boundary,vertical,102.5,753.75,694.75,102.92,713.58,744.5,695,744,3715.0,junction,junction,0.0,2267.0,,,,1,1
18210,disconnected,,boundary,flat,220.33,753.33,653.33,181.17,723.08,657.0,653,657,2883.0,junction,junction,0.0,1759.0,,,,1,1
18211,disconnected,,boundary,flat,142.0,754.0,655.75,181.17,723.08,657.0,656,657,2900.0,junction,junction,49.0,1770.0,,,,1,1
18215,disconnected,,boundary,flat,220.0,754.0,726.0,188.75,723.0,729.0,726,729,2563.0,junction,junction,0.0,1564.0,,,,2,0
18217,disconnected,,boundary,vertical,142.0,754.0,655.75,142.75,723.5,695.92,656,696,2931.0,junction,junction,0.0,1788.0,,,,1,1
18218,disconnected,,boundary,vertical,143.8,755.3,737.86,142.75,723.5,695.92,696,738,3059.0,partial,junction,0.0,1866.0,,,,-1,0
18224,disconnected,,boundary,vertical,220.33,753.33,653.33,180.67,754.0,692.33,653,692,3232.0,junction,junction,1698.0,219.0,,,,2,0
18226,disconnected,,boundary,vertical,143.8,755.3,737.86,180.67,754.0,692.33,692,738,3404.0,partial,junction,1039.0,462.0,,,,-1,0
18227,disconnected,,boundary,vertical,220.0,754.0,726.0,180.67,754.0,692.33,692,726,3008.0,junction,junction,1682.0,306.0,,,,2,0
18230,disconnected,,boundary,flat,142.75,723.5,695.92,180.67,754.0,692.33,692,696,2835.0,junction,junction,0.0,1730.0,,,,1,1
18233,disconnected,,boundary,flat,219.96,725.33,692.83,180.67,754.0,692.33,692,693,2826.0,junction,junction,0.0,1724.0,,,,1,1
18238,disconnected,,boundary,vertical,180.67,754.0,692.33,188.75,723.0,729.0,692,729,2829.0,junction,junction,1630.0,288.0,,,,2,0
18242,disconnected,,boundary,flat,298.5,752.25,656.75,259.92,722.25,656.75,657,657,2840.0,junction,junction,0.0,1733.0,,,,1,1
18243,disconnected,,boundary,flat,220.33,753.33,653.33,259.92,722.25,656.75,653,657,2931.0,junction,junction,0.0,1788.0,,,,1,1
18244,disconnected,,boundary,flat,220.0,754.0,726.0,260.23,720.07,736.39,726,736,3117.0,junction,partial,0.0,1902.0,,,,-1,0
18247,disconnected,,boundary,flat,298.0,753.0,727.0,260.23,720.07,736.39,727,736,2962.0,junction,partial,0.0,1807.0,,,,-1,0
18252,disconnected,,interior,vertical,226.39,679.06,662.72,259.45,682.73,695.73,663,696,2723.0,junction,junction,0.0,1661.0,,,,1,1
18256,disconnected,,boundary,vertical,298.5,752.25,656.75,255.75,752.5,697.0,657,697,3411.0,junction,junction,1735.0,289.0,,,,2,0
18258,disconnected,,boundary,vertical,220.0,754.0,726.0,255.75,752.5,697.0,697,726,2676.0,junction,junction,1089.0,408.0,,,,2,0
18265,disconnected,,boundary,flat,298.92,722.38,696.23,255.75,752.5,697.0,696,697,3059.0,junction,junction,52.0,1866.0,,,,1,1
18270,disconnected,,boundary,vertical,255.75,752.5,697.0,260.23,720.07,736.39,697,736,2976.0,junction,partial,706.0,1513.0,,,,-1,0
18275,disconnected,,boundary,flat,298.5,752.25,656.75,337.64,721.91,657.18,657,657,2877.0,junction,junction,0.0,1756.0,,,,1,1
18276,disconnected,,boundary,flat,298.0,753.0,727.0,334.67,718.5,740.67,727,741,3031.0,junction,junction,0.0,1849.0,,,,2,0
18279,disconnected,,boundary,flat,377.0,753.0,727.0,334.67,718.5,740.67,727,741,3271.0,junction,junction,0.0,1996.0,,,,3,0
18281,disconnected,,boundary,vertical,298.5,752.25,656.75,298.92,722.38,696.23,657,696,2876.0,junction,junction,0.0,1755.0,,,,1,1
18290,disconnected,,boundary,vertical,298.0,753.0,727.0,337.5,752.25,695.25,695,727,2945.0,junction,junction,1597.0,250.0,,,,2,0
18297,disconnected,,boundary,flat,377.0,721.36,696.43,337.5,752.25,695.25,695,696,2914.0,junction,junction,0.0,1778.0,,,,1,1
18302,disconnected,,boundary,vertical,337.5,752.25,695.25,334.67,718.5,740.67,695,741,3292.0,junction,junction,0.0,2008.0,,,,2,0
18306,disconnected,,boundary,flat,454.75,752.25,656.75,416.18,721.64,657.36,657,657,2861.0,junction,junction,0.0,1746.0,,,,1,1
18308,disconnected,,boundary,flat,377.0,753.0,727.0,415.5,718.5,741.5,727,742,3119.0,junction,junction,0.0,1903.0,,,,2,0
18311,disconnected,,boundary,flat,455.0,752.0,728.0,415.5,718.5,741.5,728,742,3110.0,junction,junction,0.0,1897.0,,,,3,0
18313,disconnected,,boundary,vertical,380.0,751.0,658.0,377.0,721.36,696.43,658,696,2825.0,junction,junction,0.0,1724.0,,,,1,1
18326,disconnected,,boundary,flat,377.0,721.36,696.43,415.75,751.25,696.5,696,696,2843.0,junction,junction,0.0,1735.0,,,,1,1
18329,disconnected,,boundary,flat,455.07,721.14,696.93,415.75,751.25,696.5,696,697,2877.0,junction,junction,0.0,1756.0,,,,1,1
18334,disconnected,,boundary,vertical,415.75,751.25,696.5,415.5,718.5,741.5,696,742,3234.0,junction,junction,0.0,1973.0,,,,1,1
18338,disconnected,,boundary,flat,533.25,751.75,657.75,494.33,721.44,658.0,658,658,2866.0,junction,junction,0.0,1749.0,,,,1,1
18339,disconnected,,boundary,flat,454.75,752.25,656.75,494.33,721.44,658.0,657,658,2915.0,junction,junction,0.0,1779.0,,,,1,1
18340,disconnected,,boundary,flat,455.0,752.0,728.0,494.67,720.33,735.33,728,735,2980.0,junction,junction,0.0,1818.0,,,,3,0
18343,disconnected,,boundary,flat,533.0,752.0,728.0,494.67,720.33,735.33,728,735,2920.0,junction,junction,0.0,1782.0,,,,3,0
18345,disconnected,,boundary,vertical,454.75,752.25,656.75,455.07,721.14,696.93,657,697,2952.0,junction,junction,0.0,1801.0,,,,1,1
18358,disconnected,,boundary,flat,455.07,721.14,696.93,494.0,751.0,697.25,697,697,2850.0,junction,junction,0.0,1739.0,,,,1,1
18361,disconnected,,boundary,flat,533.58,720.75,697.08,494.0,751.0,697.25,697,697,2894.0,junction,junction,0.0,1766.0,,,,1,1
18371,disconnected,,boundary,flat,533.25,751.75,657.75,572.5,720.43,657.93,658,658,2918.0,junction,junction,0.0,1780.0,,,,1,1
18372,disconnected,,boundary,flat,533.0,752.0,728.0,571.75,720.75,736.25,728,736,2932.0,junction,junction,0.0,1789.0,,,,2,0
18375,disconnected,,boundary,flat,611.0,752.0,729.0,571.75,720.75,736.25,729,736,2945.0,junction,junction,0.0,1797.0,,,,3,0
18377,disconnected,,boundary,vertical,533.25,751.75,657.75,533.58,720.75,697.08,658,697,2910.0,junction,junction,0.0,1775.0,,,,1,1
18390,disconnected,,boundary,flat,533.58,720.75,697.08,572.0,751.5,697.25,697,697,2859.0,junction,junction,0.0,1744.0,,,,1,1
18393,disconnected,,boundary,flat,611.75,720.5,697.38,572.0,751.5,697.25,697,697,2929.0,junction,junction,0.0,1787.0,,,,1,1
18398,disconnected,,boundary,vertical,572.0,751.5,697.25,571.75,720.75,736.25,697,736,2886.0,junction,junction,0.0,1761.0,,,,1,1
18402,disconnected,,boundary,flat,689.5,750.0,658.25,650.67,720.27,658.53,658,659,2842.0,junction,junction,0.0,1734.0,,,,1,1
18403,disconnected,,boundary,flat,611.0,750.75,657.25,650.67,720.27,658.53,657,659,2908.0,junction,junction,0.0,1774.0,,,,1,1
18404,disconnected,,boundary,flat,611.0,752.0,729.0,651.0,719.5,736.0,729,736,3022.0,junction,junction,0.0,1844.0,,,,2,0
18407,disconnected,,boundary,flat,690.0,750.0,726.0,651.0,719.5,736.0,726,736,2935.0,junction,junction,99.0,1791.0,,,,2,0
18409,disconnected,,boundary,vertical,611.0,750.75,657.25,611.75,720.5,697.38,657,697,2920.0,junction,junction,0.0,1782.0,,,,1,1
18419,disconnected,,boundary,vertical,690.0,750.0,726.0,650.25,751.25,696.5,696,726,2877.0,junction,junction,1560.0,341.0,,,,2,0
18422,disconnected,,boundary,flat,611.75,720.5,697.38,650.25,751.25,696.5,696,697,2863.0,junction,junction,0.0,1747.0,,,,1,1
18430,disconnected,,boundary,vertical,650.25,751.25,696.5,651.0,719.5,736.0,696,736,2945.0,junction,junction,0.0,1797.0,,,,1,1
18435,disconnected,,boundary,flat,689.5,750.0,658.25,728.57,719.79,658.86,658,659,2870.0,junction,junction,0.0,1751.0,,,,1,1
18436,disconnected,,boundary,flat,690.0,750.0,726.0,729.0,719.5,737.5,726,738,2953.0,junction,junction,50.0,1802.0,,,,2,0
18439,disconnected,,boundary,flat,766.0,749.0,727.0,729.0,719.5,737.5,727,738,2816.0,junction,junction,621.0,1337.0,,,,2,0
18441,disconnected,,boundary,vertical,689.5,750.0,658.25,689.0,720.82,697.73,658,698,2852.0,junction,junction,0.0,1740.0,,,,1,1
18445,disconnected,,boundary,vertical,763.0,750.33,657.67,764.88,719.5,698.75,658,699,2986.0,junction,junction,0.0,1822.0,,,,1,1
18454,disconnected,,boundary,vertical,690.0,750.0,726.0,728.5,750.5,697.25,697,726,2792.0,junction,junction,1704.0,237.0,,,,2,0
18455,disconnected,,boundary,vertical,766.0,749.0,727.0,728.5,750.5,697.25,697,727,2782.0,junction,junction,1509.0,330.0,,,,2,0
18458,disconnected,,boundary,flat,689.0,720.82,697.73,728.5,750.5,697.25,697,698,2871.0,junction,junction,0.0,1752.0,,,,1,1
18461,disconnected,,boundary,flat,764.88,719.5,698.75,728.5,750.5,697.25,697,699,2778.0,junction,junction,0.0,1695.0,,,,1,1
18466,disconnected,,boundary,vertical,728.5,750.5,697.25,729.0,719.5,737.5,697,738,2952.0,junction,junction,0.0,1801.0,,,,1,1
7,thin,,boundary,vertical,64.0,55.0,109.5,64.75,97.42,63.25,63,110,3646.0,junction,junction,0.0,2225.0,285.0,164.0,256.0,,0
9,thin,,boundary,vertical,142.25,55.25,32.75,100.62,57.12,66.5,33,66,3115.0,junction,junction,0.0,1901.0,285.0,164.0,445.0,,0
16,thin,,boundary,vertical,140.17,92.42,67.92,108.08,98.58,18.67,19,68,3434.0,junction,junction,0.0,2095.0,349.0,183.0,943.0,,0
29,thin,,boundary,vertical,135.17,133.83,16.0,140.17,92.42,67.92,16,68,3870.0,junction,junction,0.0,2361.0,349.0,140.0,198.0,,0
47,thin,,boundary,vertical,179.27,132.93,68.2,171.0,99.0,27.0,27,68,3138.0,junction,junction,0.0,1915.0,349.0,140.0,414.0,,0
209,thin,,boundary,vertical,685.36,89.18,69.82,729.0,99.0,22.0,22,70,3804.0,junction,junction,0.0,2321.0,367.0,116.0,182.0,,0
219,thin,,boundary,vertical,724.82,127.09,70.91,729.0,99.0,22.0,22,71,3286.0,junction,junction,0.0,2005.0,329.0,140.0,608.0,,0
248,thin,,boundary,vertical,135.17,133.83,16.0,140.64,171.36,68.55,16,69,3765.0,junction,junction,0.0,2297.0,349.0,164.0,677.0,,0
272,thin,,boundary,vertical,214.67,138.17,20.5,218.89,171.33,68.67,20,69,3407.0,junction,junction,0.0,2079.0,385.0,164.0,426.0,,0
354,thin,,interior,flat,452.58,170.5,69.17,486.32,210.32,75.8,69,76,3057.0,junction,junction,0.0,1865.0,285.0,164.0,136.0,,0
416,thin,,boundary,vertical,682.29,131.38,22.41,687.12,166.81,70.25,22,70,3471.0,junction,junction,0.0,2118.0,367.0,140.0,778.0,,0
463,thin,,boundary,vertical,102.9,288.6,68.1,109.33,249.67,23.0,23,68,3482.0,junction,junction,0.0,2124.0,385.0,140.0,244.0,,0
492,thin,,boundary,vertical,222.47,217.93,19.07,219.25,250.25,68.75,19,69,3449.0,junction,junction,0.0,2104.0,367.0,164.0,677.0,,0
617,thin,,boundary,vertical,678.04,215.07,22.18,647.5,207.25,71.17,22,71,3385.0,junction,junction,0.0,2065.0,385.0,164.0,231.0,,0
636,thin,,boundary,vertical,678.04,215.07,22.18,687.54,245.67,69.79,22,70,3334.0,junction,junction,0.0,2034.0,349.0,188.0,234.0,,0
658,thin,,boundary,vertical,736.12,284.71,64.28,725.62,245.15,110.0,64,110,3565.0,junction,junction,0.0,2175.0,329.0,174.0,58.0,,0
731,thin,,boundary,vertical,259.17,368.0,69.5,259.5,335.0,20.0,20,70,3457.0,junction,junction,0.0,2109.0,435.0,164.0,193.0,,0
864,thin,,boundary,vertical,687.17,286.19,30.15,736.12,284.71,64.28,30,64,3468.0,partial,junction,0.0,2116.0,329.0,164.0,233.0,,0
918,thin,,boundary,flat,142.25,406.75,68.75,191.56,446.2,62.94,63,69,3684.0,junction,junction,0.0,2248.0,329.0,164.0,69.0,,0
944,thin,,boundary,vertical,309.67,408.12,61.83,259.73,406.5,28.59,29,62,3487.0,junction,partial,0.0,2127.0,329.0,159.0,233.0,,0
948,thin,,boundary,flat,259.17,368.0,69.5,309.67,408.12,61.83,62,70,3774.0,junction,junction,0.0,2303.0,329.0,116.0,100.0,,0
956,thin,,boundary,vertical,298.41,367.08,28.71,309.67,408.12,61.83,29,62,3133.0,partial,junction,0.0,1912.0,285.0,116.0,583.0,,0
957,thin,,boundary,vertical,298.85,445.42,28.74,309.67,408.12,61.83,29,62,2964.0,partial,junction,0.0,1809.0,349.0,164.0,152.0,,0
959,thin,,boundary,vertical,298.07,367.79,108.5,309.67,408.12,61.83,62,108,3646.0,junction,junction,0.0,2225.0,285.0,116.0,94.0,,0
1076,thin,,boundary,vertical,693.62,366.25,20.25,687.67,403.33,70.58,20,71,3649.0,junction,junction,0.0,2226.0,403.0,164.0,168.0,,0
1081,thin,,boundary,vertical,756.46,439.62,25.62,763.25,401.17,71.67,26,72,3508.0,junction,junction,0.0,2140.0,329.0,116.0,42.0,,0
1084,thin,,boundary,vertical,693.62,366.25,20.25,727.44,361.78,70.17,20,70,3513.0,junction,junction,0.0,2143.0,419.0,116.0,922.0,,0
1143,thin,,boundary,vertical,191.56,446.2,62.94,185.25,483.17,22.17,22,63,3219.0,junction,junction,0.0,1964.0,285.0,140.0,138.0,,0
1164,thin,,boundary,vertical,298.29,485.86,69.57,270.17,487.33,20.75,21,70,3274.0,junction,junction,0.0,1998.0,479.0,140.0,529.0,,0
1171,thin,,boundary,vertical,259.62,525.15,69.46,270.17,487.33,20.75,21,69,3635.0,junction,junction,0.0,2218.0,385.0,116.0,561.0,,0
1201,thin,,boundary,vertical,375.5,514.83,19.17,376.1,485.7,69.3,19,69,3369.0,junction,junction,0.0,2056.0,435.0,140.0,212.0,,0
1287,thin,,boundary,vertical,649.15,443.08,70.31,648.97,474.83,20.83,21,70,3416.0,junction,junction,0.0,2084.0,419.0,140.0,392.0,,0
1300,thin,,boundary,vertical,756.46,439.62,25.62,763.45,480.18,71.45,26,71,3579.0,junction,junction,0.0,2184.0,285.0,164.0,141.0,,0
1301,thin,,boundary,vertical,758.11,520.78,25.89,763.45,480.18,71.45,26,71,3559.0,junction,junction,0.0,2172.0,349.0,164.0,227.0,,0
1384,thin,,boundary,vertical,299.0,564.62,68.62,262.6,561.23,20.22,20,69,3524.0,junction,junction,0.0,2150.0,479.0,164.0,186.0,,0
1401,thin,,boundary,vertical,375.5,514.83,19.17,337.46,524.62,69.31,19,69,3701.0,junction,junction,0.0,2258.0,479.0,140.0,182.0,,0
1493,thin,,boundary,vertical,605.94,590.72,22.28,611.38,561.77,70.38,22,70,3277.0,junction,junction,0.0,2000.0,367.0,159.0,133.0,,0
1525,thin,,boundary,vertical,758.11,520.78,25.89,735.3,521.17,75.02,26,75,3147.0,junction,junction,0.0,1920.0,367.0,164.0,140.0,,0
1583,thin,,boundary,vertical,182.0,603.87,68.67,181.94,639.72,21.83,22,69,3427.0,junction,junction,0.0,2091.0,385.0,116.0,67.0,,0
1676,thin,,boundary,vertical,542.12,640.35,65.62,493.47,640.13,22.73,23,66,3769.0,junction,junction,0.0,2299.0,403.0,164.0,85.0,,0
1693,thin,,boundary,vertical,605.94,590.72,22.28,572.91,601.55,69.91,22,70,3426.0,junction,junction,0.0,2090.0,419.0,164.0,147.0,,0
1727,thin,,boundary,vertical,650.38,599.54,70.69,650.57,635.52,20.9,21,71,3569.0,junction,junction,0.0,2178.0,403.0,164.0,106.0,,0
1737,thin,,boundary,vertical,691.83,673.44,22.44,691.41,639.05,71.77,22,72,3494.0,junction,junction,0.0,2132.0,349.0,164.0,76.0,,0
2011,thin,,boundary,vertical,729.27,678.27,71.27,731.51,714.58,21.13,21,71,3599.0,junction,junction,0.0,2196.0,349.0,188.0,87.0,,0
2309,thin,,interior,flat,374.57,131.14,108.57,325.5,171.58,115.68,109,116,3717.0,junction,junction,0.0,2268.0,232.0,183.0,69.0,,0
2310,thin,,interior,flat,374.23,209.85,109.0,325.5,171.58,115.68,109,116,3621.0,junction,junction,0.0,2209.0,232.0,164.0,106.0,,0
2386,thin,,interior,vertical,523.33,209.88,192.37,530.89,175.72,142.17,142,192,3555.0,junction,junction,0.0,2169.0,285.0,116.0,71.0,,0
2407,thin,,interior,flat,608.38,208.54,109.38,646.87,168.33,109.6,109,110,3233.0,junction,junction,0.0,1973.0,232.0,164.0,71.0,,0
2421,thin,,interior,flat,686.5,167.79,148.5,647.7,207.6,148.15,148,148,3230.0,junction,junction,0.0,1971.0,201.0,164.0,120.0,,0
2593,thin,,interior,flat,531.0,248.25,148.67,483.74,288.55,158.12,149,158,3650.0,junction,junction,0.0,2227.0,201.0,116.0,123.0,,0
2599,thin,,interior,vertical,483.74,288.55,158.12,491.75,248.83,109.5,110,158,3677.0,junction,junction,0.0,2244.0,329.0,116.0,40.0,,0
2615,thin,,interior,flat,531.0,248.25,148.67,569.0,208.73,148.93,149,149,3185.0,junction,junction,0.0,1944.0,201.0,164.0,100.0,,0
2617,thin,,interior,flat,608.24,247.06,148.88,570.67,287.21,149.54,149,150,3195.0,junction,junction,0.0,1949.0,201.0,116.0,106.0,,0
2641,thin,,interior,flat,680.31,241.73,143.15,648.17,286.58,149.33,143,149,3226.0,junction,junction,0.0,1968.0,201.0,164.0,82.0,,0
2667,thin,,interior,flat,680.31,241.73,143.15,724.62,206.5,149.5,143,150,3310.0,junction,junction,0.0,2020.0,232.0,164.0,110.0,,0
2762,thin,,interior,flat,297.14,328.5,148.0,344.67,368.12,137.52,138,148,3646.0,junction,junction,0.0,2225.0,260.0,116.0,76.0,,0
2765,thin,,interior,flat,376.0,327.89,148.11,344.67,368.12,137.52,138,148,3026.0,junction,junction,0.0,1846.0,232.0,164.0,93.0,,0
2789,thin,,interior,flat,453.33,327.17,148.33,414.69,366.92,147.92,148,148,3221.0,junction,junction,0.0,1965.0,201.0,164.0,88.0,,0
2793,thin,,interior,vertical,414.07,288.0,148.14,406.69,327.2,197.22,148,197,3675.0,junction,junction,0.0,2242.0,260.0,188.0,62.0,,0
2794,thin,,interior,vertical,414.69,366.92,147.92,406.69,327.2,197.22,148,197,3708.0,junction,junction,0.0,2262.0,285.0,116.0,64.0,,0
2811,thin,,interior,flat,453.33,327.17,148.33,483.74,288.55,158.12,148,158,2912.0,junction,junction,0.0,1777.0,232.0,164.0,88.0,,0
2813,thin,,interior,flat,531.42,326.75,149.0,493.14,366.36,148.5,148,149,3200.0,junction,junction,0.0,1953.0,201.0,116.0,106.0,,0
2815,thin,,interior,vertical,483.74,288.55,158.12,492.18,327.27,109.36,109,158,3651.0,junction,junction,0.0,2227.0,285.0,164.0,89.0,,0
2823,thin,,interior,flat,532.09,366.18,109.36,570.56,326.56,109.89,109,110,3209.0,junction,junction,0.0,1958.0,232.0,164.0,78.0,,0
2835,thin,,interior,flat,531.42,326.75,149.0,570.67,287.21,149.54,149,150,3237.0,junction,junction,0.0,1975.0,201.0,164.0,152.0,,0
2937,thin,,interior,flat,220.13,407.27,147.8,181.0,446.07,147.27,147,148,3202.0,junction,junction,0.0,1954.0,232.0,164.0,62.0,,0
2961,thin,,interior,flat,298.25,406.5,148.75,259.86,446.79,147.5,148,149,3234.0,junction,junction,0.0,1973.0,232.0,164.0,76.0,,0
2985,thin,,interior,flat,376.25,406.0,148.88,337.0,445.77,147.69,148,149,3247.0,junction,junction,0.0,1981.0,201.0,164.0,71.0,,0
3031,thin,,interior,flat,454.36,405.86,149.29,493.14,366.36,148.5,148,149,3217.0,junction,junction,0.0,1963.0,201.0,164.0,59.0,,0
3091,thin,,interior,flat,688.0,442.08,110.17,721.5,398.0,105.56,106,110,3228.0,junction,junction,0.0,1970.0,232.0,164.0,71.0,,0
3179,thin,,interior,flat,220.57,485.71,147.79,259.86,446.79,147.5,148,148,3213.0,junction,junction,0.0,1961.0,201.0,164.0,71.0,,0
3189,thin,,interior,flat,386.83,445.64,101.03,338.07,486.07,108.93,101,109,3709.0,junction,junction,0.0,2263.0,232.0,164.0,58.0,,0
3205,thin,,interior,flat,376.47,485.29,148.35,337.67,524.33,148.42,148,148,3198.0,junction,junction,0.0,1951.0,201.0,116.0,154.0,,0
3227,thin,,interior,flat,376.47,485.29,148.35,415.36,445.45,147.82,148,148,3235.0,junction,junction,0.0,1974.0,164.0,164.0,63.0,,0
3229,thin,,interior,flat,454.29,484.5,148.36,415.86,523.79,148.71,148,149,3193.0,junction,junction,0.0,1948.0,232.0,164.0,84.0,,0
3251,thin,,interior,flat,454.29,484.5,148.36,493.0,443.83,148.5,148,148,3262.0,junction,junction,0.0,1990.0,201.0,164.0,114.0,,0
3337,thin,,interior,flat,142.77,524.69,108.23,98.28,564.72,115.53,108,116,3503.0,junction,junction,0.0,2137.0,232.0,174.0,71.0,,0
3399,thin,,interior,flat,220.64,564.57,147.14,260.31,525.08,148.0,147,148,3252.0,junction,junction,0.0,1985.0,201.0,164.0,67.0,,0
3401,thin,,interior,flat,298.82,564.18,148.18,260.36,604.27,147.45,147,148,3228.0,junction,junction,0.0,1970.0,201.0,164.0,110.0,,0
3423,thin,,interior,flat,298.82,564.18,148.18,337.67,524.33,148.42,148,148,3233.0,junction,junction,0.0,1973.0,201.0,164.0,93.0,,0
3425,thin,,interior,flat,377.08,564.08,148.5,338.33,603.4,147.47,147,148,3208.0,junction,junction,0.0,1957.0,232.0,164.0,76.0,,0
3447,thin,,interior,flat,377.08,564.08,148.5,415.86,523.79,148.71,148,149,3249.0,junction,junction,0.0,1983.0,232.0,164.0,101.0,,0
3557,thin,,interior,flat,143.44,603.62,107.75,104.17,642.5,107.58,108,108,3211.0,junction,junction,0.0,1959.0,232.0,164.0,55.0,,0
3595,thin,,interior,flat,142.8,643.1,147.3,181.89,603.67,146.67,147,147,3226.0,junction,junction,0.0,1969.0,201.0,164.0,107.0,,0
3619,thin,,interior,flat,220.81,643.19,147.31,260.36,604.27,147.45,147,147,3224.0,junction,junction,0.0,1967.0,201.0,164.0,68.0,,0
3621,thin,,interior,flat,298.83,642.83,147.67,260.55,682.64,147.09,147,148,3209.0,junction,junction,0.0,1958.0,232.0,164.0,60.0,,0
3827,thin,,boundary,vertical,191.19,680.0,155.67,182.79,722.71,107.86,108,156,3757.0,junction,junction,0.0,2292.0,329.0,116.0,95.0,,0
4041,thin,,boundary,vertical,139.43,55.14,185.0,99.88,55.62,225.5,185,226,3289.0,junction,junction,0.0,2007.0,285.0,164.0,351.0,,0
4090,thin,,boundary,vertical,217.25,55.5,264.12,256.9,54.0,224.2,224,264,3270.0,junction,junction,0.0,1995.0,285.0,164.0,255.0,,0
4095,thin,,boundary,flat,217.5,93.25,225.56,256.9,54.0,224.2,224,226,3232.0,junction,junction,0.0,1972.0,260.0,164.0,86.0,,0
4350,thin,,interior,flat,452.0,209.17,187.25,419.19,169.81,178.78,179,187,3017.0,junction,junction,0.0,1841.0,285.0,164.0,41.0,,0
4365,thin,,interior,flat,452.14,170.0,226.36,413.88,209.74,225.75,226,226,3206.0,junction,partial,0.0,1956.0,232.0,164.0,52.0,,0
4373,thin,,interior,flat,530.11,129.67,188.0,491.65,169.53,187.35,187,188,3219.0,junction,junction,0.0,1964.0,232.0,164.0,117.0,,0
4389,thin,,interior,flat,530.17,168.92,227.5,491.77,208.77,226.46,226,228,3216.0,junction,junction,0.0,1962.0,232.0,164.0,65.0,,0
4397,thin,,interior,flat,607.67,129.42,188.58,569.07,169.07,188.13,188,189,3215.0,junction,junction,0.0,1962.0,232.0,164.0,119.0,,0
4571,thin,,interior,flat,375.18,288.36,187.0,414.11,249.11,187.22,187,187,3212.0,junction,junction,0.0,1960.0,201.0,164.0,110.0,,0
4595,thin,,interior,flat,453.91,288.0,187.91,492.0,247.83,188.58,188,189,3216.0,junction,junction,0.0,1963.0,232.0,116.0,84.0,,0
4617,thin,,interior,flat,608.09,208.18,188.18,569.42,246.88,187.46,187,188,3179.0,junction,junction,0.0,1940.0,201.0,164.0,203.0,,0
4765,thin,,interior,flat,375.18,288.36,187.0,336.46,328.08,187.15,187,187,3223.0,junction,junction,0.0,1966.0,232.0,164.0,58.0,,0
4767,thin,,interior,flat,297.8,367.9,186.9,336.46,328.08,187.15,187,187,3225.0,junction,junction,0.0,1968.0,232.0,164.0,58.0,,0
4813,thin,,interior,flat,531.42,287.17,187.83,492.57,326.93,187.86,188,188,3230.0,junction,junction,0.0,1971.0,201.0,164.0,99.0,,0
4815,thin,,interior,flat,453.71,366.43,187.43,492.57,326.93,187.86,187,188,3219.0,junction,junction,0.0,1964.0,201.0,164.0,62.0,,0
4985,thin,,interior,flat,376.09,367.09,187.18,331.02,407.04,183.22,183,187,3507.0,junction,junction,0.0,2140.0,201.0,164.0,105.0,,0
5003,thin,,interior,vertical,336.58,368.0,226.0,331.02,407.04,183.22,183,226,3380.0,junction,junction,0.0,2063.0,285.0,164.0,58.0,,0
5011,thin,,interior,flat,376.33,445.33,187.5,415.09,406.55,187.73,188,188,3186.0,junction,junction,0.0,1944.0,232.0,164.0,83.0,,0
5035,thin,,interior,flat,454.64,445.36,187.73,492.91,405.55,188.18,188,188,3209.0,junction,junction,0.0,1958.0,201.0,116.0,68.0,,0
5128,thin,,boundary,flat,720.83,358.89,222.67,757.88,400.75,216.21,216,223,3269.0,junction,junction,111.0,1829.0,232.0,164.0,71.0,,0
5152,thin,,interior,flat,94.81,442.96,216.67,142.36,485.55,225.64,217,226,3745.0,junction,junction,0.0,2285.0,285.0,116.0,62.0,,0
5153,thin,,interior,vertical,94.81,442.96,216.67,103.6,485.4,264.6,217,265,3754.0,junction,junction,0.0,2291.0,349.0,164.0,58.0,,0
5205,thin,,interior,flat,376.33,445.33,187.5,337.36,485.86,185.93,186,188,3268.0,junction,junction,0.0,1994.0,201.0,116.0,110.0,,0
5207,thin,,interior,flat,299.3,525.55,187.95,337.36,485.86,185.93,186,188,3197.0,junction,junction,0.0,1951.0,201.0,164.0,58.0,,0
5215,thin,,interior,vertical,376.3,446.2,265.6,337.5,445.3,227.0,227,266,3180.0,junction,junction,0.0,1940.0,285.0,164.0,349.0,,0
5229,thin,,interior,flat,454.64,445.36,187.73,415.55,484.55,187.45,187,188,3216.0,junction,junction,0.0,1962.0,201.0,164.0,68.0,,0
5231,thin,,interior,flat,376.23,524.54,187.08,415.55,484.55,187.45,187,187,3258.0,junction,junction,0.0,1988.0,232.0,164.0,84.0,,0
5519,thin,,interior,vertical,582.1,602.17,234.2,572.56,562.22,187.67,188,234,3606.0,junction,junction,0.0,2200.0,285.0,188.0,56.0,,0
5597,thin,,interior,flat,220.92,603.75,186.67,182.0,642.78,186.56,187,187,3202.0,junction,junction,0.0,1954.0,232.0,164.0,52.0,,0
5731,thin,,interior,flat,534.08,640.85,226.92,582.1,602.17,234.2,227,234,3607.0,junction,junction,0.0,2201.0,232.0,116.0,108.0,,0
6135,thin,,boundary,flat,295.93,88.33,308.93,334.43,53.71,303.43,303,309,3025.0,junction,junction,0.0,1846.0,232.0,164.0,136.0,,0
6201,thin,,boundary,vertical,607.44,52.22,266.11,559.26,52.78,298.15,266,298,3362.0,junction,junction,0.0,2051.0,329.0,164.0,236.0,,0
6203,thin,,boundary,vertical,608.57,52.0,344.86,559.26,52.78,298.15,298,345,3947.0,junction,junction,0.0,2408.0,329.0,164.0,173.0,,0
6343,thin,,interior,flat,287.72,212.0,256.05,335.14,170.93,265.21,256,265,3684.0,junction,junction,0.0,2248.0,260.0,116.0,41.0,,0
6345,thin,,interior,vertical,287.72,212.0,256.05,296.07,170.33,304.27,256,304,3734.0,junction,junction,0.0,2278.0,285.0,174.0,39.0,,0
6369,thin,,interior,vertical,375.38,209.28,264.67,365.94,168.03,296.21,265,296,3067.0,junction,junction,0.0,1871.0,285.0,164.0,53.0,,0
6478,thin,,interior,flat,690.9,161.0,305.7,730.2,204.59,298.81,299,306,3433.0,junction,junction,0.0,2095.0,201.0,164.0,117.0,,0
6485,thin,,interior,vertical,725.2,127.2,304.9,733.97,160.78,342.12,305,342,2957.0,junction,junction,0.0,1804.0,285.0,164.0,59.0,,0
6545,thin,,interior,vertical,287.72,212.0,256.05,257.1,210.6,303.6,256,304,3287.0,junction,junction,0.0,2005.0,329.0,116.0,118.0,,0
6562,thin,,interior,flat,376.12,288.08,265.5,342.93,248.8,254.2,254,266,3059.0,junction,junction,0.0,1867.0,232.0,164.0,101.0,,0
6564,thin,,interior,vertical,287.72,212.0,256.05,296.38,249.69,305.0,256,305,3625.0,junction,junction,0.0,2212.0,285.0,164.0,55.0,,0
6583,thin,,interior,vertical,335.91,288.55,304.55,342.93,248.8,254.2,254,305,3749.0,junction,junction,0.0,2288.0,329.0,164.0,84.0,,0
6653,thin,,interior,vertical,573.58,204.46,300.71,577.57,245.83,333.07,301,333,3061.0,junction,junction,0.0,1867.0,260.0,116.0,55.0,,0
7315,thin,,interior,vertical,562.73,523.27,315.6,571.0,482.83,266.08,266,316,3745.0,junction,junction,0.0,2285.0,285.0,164.0,67.0,,0
7396,thin,,interior,vertical,149.0,522.5,258.08,151.09,562.64,312.76,258,313,3942.0,junction,junction,0.0,2406.0,201.0,164.0,49.0,,0
7397,thin,,interior,vertical,143.09,603.55,264.36,151.09,562.64,312.76,264,313,3711.0,junction,junction,0.0,2264.0,329.0,116.0,40.0,,0
7527,thin,,interior,flat,532.83,562.17,304.83,562.73,523.27,315.6,305,316,2918.0,junction,junction,0.0,1781.0,260.0,164.0,71.0,,0
7533,thin,,interior,vertical,562.73,523.27,315.6,571.8,562.3,345.1,316,345,2891.0,junction,junction,0.0,1764.0,329.0,164.0,64.0,,0
7592,thin,,boundary,vertical,72.75,602.84,256.41,67.78,643.11,303.67,256,304,3619.0,junction,junction,0.0,2208.0,285.0,188.0,131.0,,0
7594,thin,,boundary,vertical,71.97,684.25,350.79,67.78,643.11,303.67,304,351,3643.0,junction,junction,0.0,2223.0,285.0,174.0,105.0,,0
8159,thin,,interior,vertical,334.91,131.64,383.36,344.42,86.95,335.05,335,383,3863.0,junction,junction,0.0,2357.0,260.0,140.0,58.0,,0
8290,thin,,boundary,vertical,68.89,213.07,412.56,63.5,171.75,381.88,382,413,3007.0,junction,junction,0.0,1835.0,260.0,164.0,169.0,,0
8322,thin,,interior,flat,140.09,170.91,382.36,179.0,211.29,382.57,382,383,3258.0,junction,junction,0.0,1988.0,201.0,164.0,50.0,,0
8352,thin,,interior,flat,256.82,131.55,382.91,295.75,170.83,383.25,383,383,3214.0,junction,junction,0.0,1961.0,232.0,164.0,111.0,,0
8534,thin,,interior,vertical,141.97,290.63,421.27,147.31,249.61,372.56,373,421,3713.0,junction,junction,0.0,2266.0,260.0,183.0,86.0,,0
8535,thin,,interior,vertical,139.82,211.18,421.45,147.31,249.61,372.56,373,421,3639.0,junction,junction,0.0,2221.0,329.0,164.0,51.0,,0
8566,thin,,interior,flat,217.92,249.33,382.75,257.5,289.4,382.2,382,383,3272.0,junction,junction,0.0,1997.0,201.0,164.0,93.0,,0
8596,thin,,interior,flat,346.46,211.09,375.16,374.3,249.1,383.4,375,383,2779.0,junction,junction,0.0,1695.0,232.0,164.0,39.0,,0
8792,thin,,interior,flat,257.5,289.4,382.2,297.17,328.0,383.08,382,383,3216.0,junction,junction,0.0,1962.0,201.0,164.0,70.0,,0
8859,thin,,interior,flat,453.21,326.79,383.64,491.43,287.71,383.29,383,384,3175.0,junction,junction,0.0,1938.0,232.0,164.0,58.0,,0
9229,thin,,interior,flat,305.9,485.61,373.47,259.45,524.55,383.0,373,383,3565.0,junction,junction,0.0,2175.0,232.0,164.0,85.0,,0
9242,thin,,interior,vertical,298.23,524.69,421.85,305.9,485.61,373.47,373,422,3641.0,junction,junction,0.0,2222.0,329.0,164.0,55.0,,0
9304,thin,,interior,flat,493.18,444.36,384.09,538.67,485.47,392.17,384,392,3593.0,junction,junction,0.0,2192.0,201.0,174.0,66.0,,0
9312,thin,,interior,vertical,532.36,444.5,344.5,538.67,485.47,392.17,344,392,3670.0,junction,junction,0.0,2239.0,329.0,164.0,81.0,,0
9322,thin,,interior,flat,538.67,485.47,392.17,571.67,522.78,383.67,384,392,2936.0,junction,junction,0.0,1791.0,201.0,164.0,67.0,,0
9389,thin,,boundary,vertical,75.38,604.86,335.1,66.62,563.75,382.5,335,382,3681.0,junction,junction,0.0,2246.0,260.0,164.0,118.0,,0
9427,thin,,interior,vertical,192.19,525.7,374.26,181.64,564.36,342.91,343,374,2956.0,junction,junction,0.0,1804.0,329.0,164.0,58.0,,0
9542,thin,,interior,flat,532.5,562.3,384.0,572.0,601.77,383.69,384,384,3244.0,junction,junction,0.0,1980.0,201.0,164.0,49.0,,0
9609,thin,,boundary,vertical,71.97,684.25,350.79,71.08,642.04,386.62,351,387,3217.0,junction,junction,0.0,1963.0,232.0,174.0,128.0,,0
10112,thin,,boundary,vertical,137.67,55.5,420.17,177.83,55.25,460.83,420,461,3321.0,junction,junction,0.0,2026.0,285.0,164.0,130.0,,0
10142,thin,,interior,flat,209.44,90.87,452.67,256.54,132.69,461.15,453,461,3693.0,junction,junction,0.0,2253.0,232.0,116.0,64.0,,0
10178,thin,,interior,flat,451.53,131.0,423.13,416.27,82.85,418.88,419,423,3476.0,junction,junction,0.0,2121.0,232.0,164.0,90.0,,0
10204,thin,,boundary,vertical,451.0,53.14,422.0,459.14,84.36,461.98,422,462,2985.0,junction,junction,0.0,1821.0,260.0,164.0,129.0,,0
10214,thin,,interior,flat,459.14,84.36,461.98,496.21,130.46,454.56,455,462,3464.0,junction,junction,0.0,2113.0,201.0,164.0,91.0,,0
10305,thin,,boundary,vertical,68.89,213.07,412.56,64.29,170.43,460.57,413,461,3741.0,junction,junction,0.0,2282.0,260.0,140.0,184.0,,0
10326,thin,,interior,flat,228.49,210.04,413.99,178.17,171.08,421.17,414,421,3721.0,junction,junction,0.0,2271.0,232.0,164.0,56.0,,0
10338,thin,,interior,flat,139.58,171.83,460.33,179.2,210.2,460.13,460,460,3204.0,junction,junction,0.0,1955.0,201.0,164.0,45.0,,0
10340,thin,,interior,vertical,218.14,171.14,461.43,178.17,171.08,421.17,421,461,3296.0,junction,junction,0.0,2011.0,260.0,164.0,247.0,,0
10344,thin,,interior,flat,178.18,131.91,461.36,218.14,171.14,461.43,461,461,3254.0,junction,junction,0.0,1985.0,201.0,164.0,61.0,,0
10350,thin,,interior,flat,296.42,210.42,422.75,257.0,171.17,422.0,422,423,3232.0,junction,junction,0.0,1972.0,232.0,164.0,127.0,,0
10374,thin,,interior,flat,374.17,209.58,422.25,335.0,170.0,422.43,422,422,3235.0,junction,junction,0.0,1974.0,201.0,164.0,67.0,,0
10386,thin,,interior,flat,295.43,170.71,461.21,334.7,210.6,461.25,461,461,3252.0,junction,junction,0.0,1984.0,201.0,116.0,73.0,,0
10422,thin,,interior,flat,530.43,208.64,423.14,491.07,169.21,423.14,423,423,3237.0,junction,junction,0.0,1975.0,232.0,164.0,62.0,,0
10434,thin,,interior,flat,452.17,169.83,462.33,491.5,209.5,462.3,462,462,3246.0,junction,junction,0.0,1980.0,232.0,116.0,52.0,,0
10440,thin,,interior,flat,496.21,130.46,454.56,530.14,169.29,462.07,455,462,3028.0,junction,junction,0.0,1847.0,232.0,164.0,67.0,,0
10564,thin,,interior,flat,179.2,210.2,460.13,218.23,249.15,461.38,460,461,3205.0,junction,junction,0.0,1955.0,232.0,164.0,64.0,,0
10568,thin,,interior,flat,228.49,210.04,413.99,257.18,250.18,421.91,414,422,2903.0,junction,junction,49.0,1771.0,201.0,164.0,93.0,,0
10570,thin,,interior,flat,296.5,288.58,422.0,257.18,250.18,421.91,422,422,3193.0,junction,junction,0.0,1948.0,201.0,164.0,116.0,,0
10582,thin,,interior,flat,218.23,249.15,461.38,258.22,289.67,461.39,461,461,3307.0,junction,junction,0.0,2018.0,201.0,164.0,119.0,,0
10588,thin,,interior,flat,256.83,211.0,461.5,296.78,249.44,461.44,461,462,3221.0,junction,junction,0.0,1965.0,201.0,164.0,41.0,,0
10592,thin,,interior,flat,296.42,210.42,422.75,335.19,249.12,422.0,422,423,3183.0,junction,junction,0.0,1942.0,232.0,164.0,69.0,,0
10594,thin,,interior,flat,374.6,288.8,422.33,335.19,249.12,422.0,422,422,3249.0,junction,junction,0.0,1983.0,201.0,164.0,67.0,,0
10606,thin,,interior,flat,296.78,249.44,461.44,335.67,288.75,460.75,461,461,3213.0,junction,junction,0.0,1960.0,164.0,116.0,78.0,,0
10612,thin,,interior,flat,334.7,210.6,461.25,374.11,248.89,461.67,461,462,3193.0,junction,junction,0.0,1948.0,201.0,164.0,110.0,,0
10618,thin,,interior,flat,452.8,288.07,422.6,413.33,248.73,422.4,422,423,3237.0,junction,junction,0.0,1975.0,201.0,164.0,94.0,,0
10630,thin,,interior,flat,374.11,248.89,461.67,413.82,288.88,462.0,462,462,3275.0,junction,junction,0.0,1998.0,201.0,116.0,136.0,,0
10636,thin,,interior,flat,412.9,209.4,461.0,460.79,247.96,455.99,456,461,3584.0,junction,junction,0.0,2187.0,201.0,164.0,105.0,,0
10642,thin,,interior,flat,530.42,287.42,423.42,496.89,247.51,413.98,414,423,3077.0,junction,junction,0.0,1878.0,232.0,164.0,113.0,,0
10660,thin,,interior,flat,491.5,209.5,462.3,530.46,248.0,462.38,462,462,3182.0,junction,junction,0.0,1942.0,201.0,164.0,56.0,,0
10678,thin,,interior,flat,530.46,248.0,462.38,569.08,287.42,461.92,462,462,3206.0,junction,junction,0.0,1956.0,201.0,164.0,58.0,,0
10687,thin,,interior,vertical,569.08,287.42,461.92,579.69,248.31,417.33,417,462,3500.0,junction,junction,0.0,2136.0,260.0,164.0,63.0,,0
10790,thin,,interior,flat,297.2,367.47,421.33,258.08,327.92,422.0,421,422,3232.0,junction,junction,0.0,1972.0,232.0,164.0,136.0,,0
10812,thin,,interior,flat,296.5,288.58,422.0,336.43,327.71,421.93,422,422,3248.0,junction,junction,0.0,1982.0,201.0,116.0,113.0,,0
10826,thin,,interior,flat,297.0,328.15,461.46,336.45,366.55,461.09,461,461,3199.0,junction,junction,0.0,1952.0,201.0,164.0,94.0,,0
10832,thin,,interior,flat,335.67,288.75,460.75,375.0,328.0,461.56,461,462,3229.0,junction,junction,0.0,1970.0,201.0,164.0,111.0,,0
10836,thin,,interior,flat,374.6,288.8,422.33,414.55,327.91,423.0,422,423,3248.0,junction,junction,0.0,1982.0,232.0,164.0,82.0,,0
10838,thin,,interior,flat,453.18,366.71,422.41,414.55,327.91,423.0,422,423,3181.0,junction,junction,0.0,1941.0,201.0,164.0,67.0,,0
10850,thin,,interior,flat,375.0,328.0,461.56,414.07,367.2,461.47,461,462,3215.0,junction,junction,0.0,1962.0,201.0,164.0,118.0,,0
10856,thin,,interior,flat,413.82,288.88,462.0,452.91,327.45,461.27,461,462,3191.0,junction,junction,0.0,1947.0,201.0,164.0,93.0,,0
10860,thin,,interior,flat,452.8,288.07,422.6,491.8,327.0,423.1,423,423,3202.0,junction,junction,0.0,1954.0,201.0,164.0,78.0,,0
10862,thin,,interior,flat,531.3,366.6,422.7,491.8,327.0,423.1,423,423,3250.0,junction,junction,0.0,1983.0,201.0,116.0,82.0,,0
10880,thin,,interior,flat,491.42,287.75,462.0,530.91,326.82,461.82,462,462,3228.0,junction,junction,0.0,1969.0,232.0,164.0,138.0,,0
10898,thin,,interior,flat,530.91,326.82,461.82,570.0,366.17,462.75,462,463,3223.0,junction,junction,0.0,1967.0,201.0,164.0,86.0,,0
10904,thin,,interior,flat,569.08,287.42,461.92,609.58,325.25,462.08,462,462,3220.0,junction,junction,0.0,1965.0,201.0,164.0,97.0,,0
10922,thin,,interior,flat,609.58,325.25,462.08,655.6,365.93,457.22,457,462,3580.0,junction,junction,0.0,2184.0,201.0,164.0,61.0,,0
11028,thin,,interior,flat,258.42,367.67,460.92,297.8,407.2,461.8,461,462,3243.0,junction,junction,0.0,1978.0,201.0,164.0,106.0,,0
11032,thin,,interior,flat,297.2,367.47,421.33,337.07,406.57,422.07,421,422,3245.0,junction,junction,0.0,1980.0,232.0,116.0,71.0,,0
11046,thin,,interior,flat,297.8,407.2,461.8,336.75,445.92,461.92,462,462,3191.0,junction,junction,0.0,1947.0,201.0,164.0,78.0,,0
11052,thin,,interior,flat,336.45,366.55,461.09,375.08,406.92,461.33,461,461,3246.0,junction,junction,0.0,1981.0,201.0,164.0,58.0,,0
11056,thin,,interior,flat,375.31,367.15,422.23,414.54,406.0,422.23,422,422,3208.0,junction,junction,0.0,1957.0,201.0,116.0,58.0,,0
11058,thin,,interior,flat,453.17,445.5,422.25,414.54,406.0,422.23,422,422,3210.0,junction,junction,0.0,1959.0,232.0,164.0,67.0,,0
11070,thin,,interior,flat,375.08,406.92,461.33,414.58,445.58,461.17,461,461,3212.0,junction,junction,0.0,1960.0,201.0,116.0,69.0,,0
11076,thin,,interior,flat,414.07,367.2,461.47,454.33,406.08,461.5,461,462,3252.0,junction,junction,0.0,1984.0,201.0,116.0,56.0,,0
11080,thin,,interior,flat,453.18,366.71,422.41,492.42,405.42,422.5,422,422,3203.0,junction,junction,0.0,1954.0,201.0,116.0,70.0,,0
11082,thin,,interior,flat,531.87,444.67,422.93,492.42,405.42,422.5,422,423,3233.0,junction,junction,0.0,1973.0,201.0,116.0,64.0,,0
11094,thin,,interior,flat,454.33,406.08,461.5,493.0,444.91,462.0,462,462,3184.0,junction,junction,0.0,1943.0,201.0,164.0,52.0,,0
11100,thin,,interior,flat,496.89,363.96,466.46,531.64,405.91,461.82,462,466,3176.0,junction,junction,0.0,1938.0,201.0,164.0,63.0,,0
11106,thin,,interior,flat,610.0,443.62,423.31,570.56,405.11,423.44,423,423,3203.0,junction,junction,0.0,1954.0,201.0,164.0,90.0,,0
11110,thin,,interior,vertical,524.13,446.2,511.37,531.64,405.91,461.82,462,511,3736.0,junction,junction,0.0,2280.0,285.0,164.0,50.0,,0
11118,thin,,interior,flat,531.64,405.91,461.82,570.87,444.67,462.27,462,462,3204.0,junction,junction,0.0,1955.0,201.0,164.0,51.0,,0
11142,thin,,interior,flat,610.0,404.56,462.11,649.62,442.29,463.17,462,463,3180.0,junction,junction,0.0,1940.0,232.0,164.0,67.0,,0
11148,thin,,interior,flat,655.6,365.93,457.22,687.54,403.69,463.0,457,463,2893.0,junction,junction,0.0,1765.0,201.0,164.0,67.0,,0
11272,thin,,interior,flat,336.75,445.92,461.92,375.78,485.11,461.44,461,462,3214.0,junction,junction,0.0,1961.0,201.0,164.0,116.0,,0
11278,thin,,interior,flat,454.0,523.83,422.33,415.1,484.8,422.4,422,422,3202.0,junction,junction,0.0,1954.0,232.0,164.0,52.0,,0
11290,thin,,interior,flat,375.78,485.11,461.44,415.25,524.0,462.0,461,462,3220.0,junction,junction,0.0,1964.0,201.0,164.0,71.0,,0
11296,thin,,interior,flat,414.58,445.58,461.17,454.0,484.27,461.55,461,462,3209.0,junction,junction,0.0,1958.0,164.0,164.0,64.0,,0
11300,thin,,interior,flat,453.17,445.5,422.25,499.05,484.14,431.67,422,432,3528.0,junction,junction,0.0,2153.0,201.0,164.0,71.0,,0
11302,thin,,interior,flat,532.22,523.7,421.83,499.05,484.14,431.67,422,432,3053.0,junction,junction,0.0,1863.0,201.0,116.0,58.0,,0
11311,thin,,interior,vertical,524.13,446.2,511.37,493.0,444.91,462.0,462,511,3392.0,junction,junction,0.0,2070.0,349.0,183.0,65.0,,0
11314,thin,,interior,flat,454.0,484.27,461.55,493.47,523.2,461.8,462,462,3221.0,junction,junction,0.0,1965.0,201.0,164.0,104.0,,0
11320,thin,,interior,flat,493.0,444.91,462.0,531.68,484.86,461.23,461,462,3231.0,junction,junction,0.0,1972.0,201.0,164.0,70.0,,0
11326,thin,,interior,flat,610.55,522.55,423.45,572.0,484.44,423.12,423,423,3149.0,junction,junction,0.0,1922.0,232.0,164.0,67.0,,0
11331,thin,,interior,vertical,524.13,446.2,511.37,531.68,484.86,461.23,461,511,3705.0,junction,junction,0.0,2260.0,285.0,159.0,109.0,,0
11338,thin,,interior,flat,531.68,484.86,461.23,575.6,521.37,466.53,461,467,3332.0,junction,junction,0.0,2033.0,164.0,116.0,100.0,,0
11344,thin,,interior,flat,570.87,444.67,462.27,609.93,483.29,462.64,462,463,3191.0,junction,junction,0.0,1947.0,201.0,164.0,88.0,,0
11362,thin,,interior,flat,609.93,483.29,462.64,649.09,522.18,462.73,463,463,3207.0,junction,junction,0.0,1957.0,201.0,164.0,81.0,,0
11368,thin,,interior,flat,649.62,442.29,463.17,688.07,482.14,463.0,463,463,3217.0,junction,junction,0.0,1963.0,201.0,164.0,89.0,,0
11398,thin,,interior,vertical,733.6,521.4,454.38,726.42,481.83,502.17,454,502,3629.0,junction,junction,0.0,2214.0,285.0,164.0,69.0,,0
11462,thin,,interior,flat,220.0,565.0,461.23,259.62,604.0,461.38,461,461,3230.0,junction,junction,0.0,1971.0,232.0,164.0,52.0,,0
11468,thin,,interior,flat,259.0,524.38,461.12,297.88,564.62,461.5,461,462,3251.0,junction,junction,0.0,1984.0,232.0,164.0,58.0,,0
11516,thin,,interior,flat,415.25,524.0,462.0,454.6,563.5,461.8,462,462,3239.0,junction,junction,0.0,1977.0,201.0,164.0,108.0,,0
11520,thin,,interior,flat,454.0,523.83,422.33,493.25,563.08,422.67,422,423,3225.0,junction,junction,0.0,1968.0,232.0,164.0,67.0,,0
11534,thin,,interior,flat,454.6,563.5,461.8,494.14,602.21,461.64,462,462,3215.0,junction,junction,0.0,1962.0,232.0,164.0,49.0,,0
11540,thin,,interior,flat,493.47,523.2,461.8,532.36,562.55,461.45,461,462,3215.0,junction,junction,0.0,1961.0,164.0,116.0,123.0,,0
11558,thin,,interior,flat,532.36,562.55,461.45,571.79,601.93,462.5,461,462,3238.0,junction,junction,0.0,1976.0,201.0,164.0,103.0,,0
11564,thin,,interior,flat,575.6,521.37,466.53,610.79,562.0,462.79,463,467,3130.0,junction,junction,0.0,1910.0,201.0,164.0,55.0,,0
11568,thin,,interior,flat,610.55,522.55,423.45,658.1,560.82,417.18,417,423,3565.0,junction,junction,0.0,2176.0,232.0,174.0,65.0,,0
11582,thin,,interior,flat,610.79,562.0,462.79,650.0,601.0,462.33,462,463,3213.0,junction,junction,0.0,1961.0,201.0,164.0,71.0,,0
11592,thin,,interior,flat,688.11,520.89,423.44,727.12,560.25,423.62,423,424,3220.0,junction,junction,0.0,1965.0,232.0,164.0,60.0,,0
11610,thin,,interior,flat,689.0,561.15,462.69,727.64,599.91,462.36,462,463,3180.0,junction,junction,0.0,1940.0,201.0,164.0,67.0,,0
11627,thin,,boundary,vertical,71.33,601.59,506.96,67.45,643.27,460.18,460,507,3647.0,junction,junction,0.0,2225.0,285.0,164.0,116.0,,0
11706,thin,,interior,flat,298.56,642.89,460.89,338.29,681.86,461.64,461,462,3234.0,junction,junction,0.0,1973.0,232.0,164.0,85.0,,0
11760,thin,,interior,flat,494.14,602.21,461.64,533.18,642.0,461.82,462,462,3239.0,junction,junction,0.0,1976.0,201.0,164.0,67.0,,0
11784,thin,,interior,flat,571.79,601.93,462.5,610.71,639.43,462.52,462,463,3140.0,junction,partial,0.0,1916.0,201.0,164.0,59.0,,0
11802,thin,,interior,flat,610.71,639.43,462.52,650.4,679.8,463.6,463,464,3290.0,partial,junction,0.0,2007.0,201.0,164.0,87.0,,0
11808,thin,,interior,flat,650.0,601.0,462.33,689.18,640.36,462.45,462,462,3227.0,junction,junction,0.0,1969.0,201.0,164.0,64.0,,0
12164,thin,,boundary,flat,255.57,55.14,539.86,288.07,93.29,550.47,540,550,2976.0,junction,junction,0.0,1816.0,232.0,164.0,64.0,,0
12183,thin,,boundary,flat,288.07,93.29,550.47,334.7,56.0,539.8,540,550,3524.0,junction,junction,0.0,2150.0,232.0,140.0,58.0,,0
12233,thin,,interior,flat,530.0,92.08,541.23,490.86,130.93,541.14,541,541,3204.0,junction,junction,0.0,1955.0,232.0,164.0,101.0,,0
12255,thin,,boundary,flat,530.0,92.08,541.23,568.44,53.33,541.33,541,541,3171.0,junction,junction,0.0,1935.0,232.0,164.0,106.0,,0
12328,thin,,boundary,vertical,64.25,171.5,539.62,101.27,171.91,578.27,540,578,3110.0,junction,junction,0.0,1897.0,285.0,164.0,349.0,,0
12429,thin,,interior,flat,452.0,170.25,540.33,412.44,210.75,540.75,540,541,3290.0,junction,junction,0.0,2007.0,232.0,164.0,62.0,,0
12610,thin,,interior,flat,374.46,289.08,500.08,335.0,249.1,500.4,500,500,3264.0,junction,junction,0.0,1991.0,232.0,164.0,108.0,,0
12625,thin,,interior,flat,373.69,249.92,539.31,335.5,289.75,539.5,539,540,3206.0,junction,junction,0.0,1956.0,201.0,164.0,108.0,,0
12671,thin,,interior,flat,452.12,249.0,541.0,500.02,206.96,530.96,531,541,3748.0,junction,junction,0.0,2287.0,232.0,159.0,58.0,,0
12677,thin,,interior,vertical,500.02,206.96,530.96,491.75,248.83,579.17,531,579,3741.0,junction,junction,0.0,2283.0,285.0,164.0,47.0,,0
12867,thin,,interior,flat,374.38,328.45,538.81,412.11,290.15,541.52,539,542,3128.0,junction,junction,0.0,1908.0,232.0,164.0,142.0,,0
12938,thin,,interior,flat,609.07,326.27,541.07,648.15,364.85,540.85,541,541,3191.0,junction,junction,0.0,1947.0,201.0,164.0,71.0,,0
12960,thin,,interior,vertical,687.1,285.65,503.55,725.45,285.36,541.09,504,541,3118.0,junction,junction,0.0,1903.0,260.0,164.0,428.0,,0
13038,thin,,interior,flat,212.18,405.27,531.33,258.77,446.77,540.0,531,540,3660.0,junction,junction,0.0,2233.0,232.0,116.0,104.0,,0
13065,thin,,interior,flat,375.25,406.75,539.92,336.5,446.21,539.29,539,540,3214.0,junction,junction,0.0,1961.0,232.0,164.0,67.0,,0
13123,thin,,interior,flat,524.13,446.2,511.37,570.25,404.75,501.88,502,511,3645.0,junction,junction,0.0,2224.0,260.0,140.0,24.0,,0
13146,thin,,interior,flat,694.69,436.28,501.78,648.46,404.31,501.69,502,502,3266.0,junction,junction,0.0,1993.0,232.0,164.0,84.0,,0
13244,thin,,interior,flat,219.15,446.38,499.92,258.5,485.57,500.64,500,501,3227.0,junction,junction,0.0,1969.0,232.0,164.0,55.0,,0
13317,thin,,interior,flat,524.13,446.2,511.37,492.4,484.4,500.9,501,511,2949.0,junction,junction,0.0,1799.0,232.0,164.0,39.0,,0
13340,thin,,interior,flat,524.13,446.2,511.37,570.75,484.0,501.0,501,511,3539.0,junction,junction,0.0,2159.0,232.0,164.0,58.0,,0
13442,thin,,interior,flat,228.51,602.31,493.69,181.25,564.42,500.42,494,500,3541.0,junction,junction,0.0,2161.0,232.0,188.0,30.0,,0
13643,thin,,boundary,vertical,70.3,597.7,582.2,66.92,642.67,538.42,538,582,3652.0,junction,junction,0.0,2228.0,260.0,116.0,124.0,,0
13688,thin,,interior,vertical,228.51,602.31,493.69,220.36,643.79,539.07,494,539,3603.0,junction,junction,0.0,2199.0,329.0,164.0,51.0,,0
13776,thin,,interior,flat,493.36,602.82,539.73,533.3,641.8,539.6,540,540,3242.0,junction,junction,0.0,1978.0,232.0,164.0,70.0,,0
13800,thin,,interior,flat,572.18,601.91,540.55,611.31,640.77,540.77,541,541,3204.0,junction,junction,0.0,1955.0,232.0,164.0,76.0,,0
14225,thin,,interior,flat,450.7,92.15,618.25,405.14,132.64,615.09,615,618,3546.0,junction,junction,0.0,2164.0,232.0,164.0,102.0,,0
14257,thin,,boundary,flat,607.83,53.53,580.17,569.37,90.87,582.07,580,582,3116.0,junction,junction,0.0,1902.0,232.0,164.0,144.0,,0
14323,thin,,boundary,flat,686.5,88.8,620.7,723.88,52.5,620.38,620,621,3027.0,junction,junction,0.0,1847.0,232.0,164.0,93.0,,0
14356,thin,,interior,flat,139.33,133.0,578.8,187.44,171.93,573.0,573,579,3611.0,junction,junction,0.0,2204.0,232.0,116.0,67.0,,0
14375,thin,,interior,vertical,186.68,133.18,629.0,187.44,171.93,573.0,573,629,3957.0,junction,junction,0.0,2414.0,201.0,164.0,65.0,,0
14431,thin,,interior,flat,375.56,208.86,580.81,422.38,170.26,572.59,573,581,3558.0,junction,junction,0.0,2171.0,232.0,164.0,100.0,,0
14443,thin,,interior,flat,373.75,171.08,618.17,405.14,132.64,615.09,615,618,2889.0,junction,junction,0.0,1763.0,201.0,164.0,71.0,,0
14445,thin,,interior,flat,451.42,169.83,619.0,419.42,204.38,617.92,618,619,2736.0,junction,junction,0.0,1670.0,201.0,164.0,86.0,,0
14467,thin,,interior,flat,451.42,169.83,619.0,490.85,130.77,619.23,619,619,3225.0,junction,junction,0.0,1968.0,201.0,164.0,116.0,,0
14469,thin,,interior,flat,537.29,167.54,626.6,491.13,209.53,618.6,619,627,3655.0,junction,junction,0.0,2230.0,201.0,116.0,65.0,,0
14477,thin,,interior,flat,608.0,129.83,580.08,568.88,169.12,580.0,580,580,3222.0,junction,junction,0.0,1966.0,201.0,116.0,77.0,,0
14479,thin,,interior,flat,530.23,209.23,579.77,568.88,169.12,580.0,580,580,3236.0,junction,junction,0.0,1974.0,201.0,164.0,77.0,,0
14491,thin,,interior,flat,537.29,167.54,626.6,568.0,130.31,619.69,620,627,2833.0,junction,junction,0.0,1728.0,201.0,164.0,67.0,,0
14493,thin,,interior,flat,607.8,168.7,619.6,569.0,208.58,618.92,619,620,3233.0,junction,junction,0.0,1973.0,201.0,164.0,64.0,,0
14501,thin,,interior,flat,685.08,129.25,581.0,646.29,168.29,580.5,580,581,3198.0,junction,junction,0.0,1951.0,232.0,164.0,89.0,,0
14503,thin,,interior,flat,607.0,208.55,581.5,646.29,168.29,580.5,580,582,3269.0,junction,junction,0.0,1994.0,201.0,164.0,71.0,,0
14515,thin,,interior,flat,607.8,168.7,619.6,645.77,130.15,620.54,620,621,3144.0,junction,junction,0.0,1918.0,201.0,116.0,54.0,,0
14517,thin,,interior,flat,685.43,168.5,620.43,647.07,207.64,619.29,619,620,3185.0,junction,junction,0.0,1943.0,201.0,164.0,65.0,,0
14560,thin,,boundary,vertical,64.5,210.75,578.62,109.1,219.54,615.38,579,615,3397.0,junction,junction,0.0,2073.0,285.0,164.0,67.0,,0
14617,thin,,interior,flat,295.5,250.57,618.71,258.0,290.13,617.67,618,619,3168.0,junction,junction,0.0,1933.0,201.0,164.0,127.0,,0
14641,thin,,interior,flat,374.36,249.27,618.0,334.52,289.73,618.9,618,619,3299.0,junction,junction,0.0,2013.0,201.0,164.0,105.0,,0
14649,thin,,interior,flat,452.33,209.33,579.44,414.17,249.35,578.33,578,579,3214.0,junction,junction,0.0,1961.0,201.0,164.0,91.0,,0
14651,thin,,interior,flat,374.12,288.88,579.12,414.17,249.35,578.33,578,579,3269.0,junction,junction,0.0,1995.0,201.0,164.0,112.0,,0
14663,thin,,interior,flat,374.36,249.27,618.0,419.42,204.38,617.92,618,618,3695.0,junction,junction,0.0,2255.0,232.0,164.0,85.0,,0
14665,thin,,interior,flat,452.46,249.15,618.08,413.77,289.69,618.69,618,619,3256.0,junction,junction,0.0,1987.0,201.0,116.0,58.0,,0
14670,thin,,interior,vertical,413.77,289.69,618.69,406.74,249.64,668.56,619,669,3739.0,junction,junction,0.0,2281.0,260.0,164.0,36.0,,0
14673,thin,,interior,flat,530.23,209.23,579.77,491.75,248.83,579.17,579,580,3208.0,junction,junction,0.0,1958.0,201.0,164.0,102.0,,0
14687,thin,,interior,flat,452.46,249.15,618.08,491.13,209.53,618.6,618,619,3217.0,junction,junction,0.0,1963.0,201.0,164.0,106.0,,0
14689,thin,,interior,flat,530.38,248.46,618.62,491.67,287.67,618.33,618,619,3201.0,junction,junction,0.0,1953.0,201.0,164.0,96.0,,0
14697,thin,,interior,flat,607.0,208.55,581.5,568.82,248.18,580.09,580,582,3199.0,junction,junction,0.0,1952.0,201.0,164.0,74.0,,0
14699,thin,,interior,flat,530.5,288.42,579.5,568.82,248.18,580.09,580,580,3228.0,junction,junction,0.0,1970.0,201.0,164.0,63.0,,0
14711,thin,,interior,flat,530.38,248.46,618.62,569.0,208.58,618.92,619,619,3225.0,junction,junction,0.0,1968.0,201.0,164.0,101.0,,0
14713,thin,,interior,flat,608.7,247.6,619.1,573.5,283.38,623.19,619,623,2926.0,junction,junction,0.0,1785.0,164.0,164.0,135.0,,0
14737,thin,,interior,flat,686.1,246.3,619.5,646.5,286.62,619.38,619,620,3284.0,junction,junction,0.0,2004.0,201.0,164.0,61.0,,0
14837,thin,,interior,flat,296.75,329.75,617.33,263.67,368.67,613.87,614,617,2974.0,junction,junction,0.0,1815.0,201.0,164.0,98.0,,0
14845,thin,,interior,flat,374.12,288.88,579.12,335.5,328.08,578.58,579,579,3198.0,junction,junction,0.0,1951.0,201.0,164.0,84.0,,0
14847,thin,,interior,flat,301.78,368.47,570.72,335.5,328.08,578.58,571,579,3091.0,junction,junction,0.0,1886.0,201.0,164.0,63.0,,0
14859,thin,,interior,flat,296.75,329.75,617.33,334.52,289.73,618.9,617,619,3199.0,junction,junction,0.0,1952.0,201.0,164.0,47.0,,0
14861,thin,,interior,flat,374.85,328.23,618.38,336.21,367.1,618.42,618,618,3184.0,junction,partial,0.0,1943.0,201.0,164.0,54.0,,0
14869,thin,,interior,flat,452.67,288.42,579.08,413.92,328.0,579.0,579,579,3218.0,junction,junction,0.0,1964.0,201.0,116.0,110.0,,0
14871,thin,,interior,flat,375.09,367.91,578.91,413.92,328.0,579.0,579,579,3235.0,junction,junction,0.0,1974.0,164.0,116.0,81.0,,0
14883,thin,,interior,flat,374.85,328.23,618.38,413.77,289.69,618.69,618,619,3182.0,junction,junction,0.0,1942.0,201.0,164.0,72.0,,0
14885,thin,,interior,flat,452.75,327.38,618.75,414.0,367.67,617.17,617,619,3249.0,junction,junction,0.0,1983.0,164.0,116.0,95.0,,0
14893,thin,,interior,flat,530.5,288.42,579.5,491.57,327.57,579.29,579,580,3208.0,junction,junction,0.0,1957.0,201.0,164.0,71.0,,0
14895,thin,,interior,flat,453.5,366.7,578.8,491.57,327.57,579.29,579,579,3172.0,junction,junction,0.0,1935.0,201.0,164.0,98.0,,0
14907,thin,,interior,flat,452.75,327.38,618.75,491.67,287.67,618.33,618,619,3230.0,junction,junction,0.0,1971.0,201.0,164.0,119.0,,0
14909,thin,,interior,flat,530.73,327.82,618.55,485.42,366.64,623.69,619,624,3480.0,junction,junction,0.0,2123.0,201.0,164.0,77.0,,0
14917,thin,,interior,flat,608.4,287.2,580.13,570.22,326.33,579.22,579,580,3177.0,junction,junction,0.0,1938.0,201.0,164.0,57.0,,0
14919,thin,,interior,flat,525.27,361.19,573.81,570.22,326.33,579.22,574,579,3320.0,junction,junction,0.0,2026.0,201.0,164.0,95.0,,0
14931,thin,,interior,flat,530.73,327.82,618.55,573.5,283.38,623.19,619,623,3594.0,junction,junction,0.0,2193.0,201.0,116.0,74.0,,0
14933,thin,,interior,flat,608.75,326.58,618.83,570.14,366.21,618.64,619,619,3215.0,junction,junction,0.0,1961.0,201.0,164.0,125.0,,0
14941,thin,,interior,flat,686.82,286.0,580.45,647.88,325.88,580.38,580,580,3238.0,junction,junction,0.0,1976.0,232.0,164.0,60.0,,0
15041,thin,,interior,flat,301.78,368.47,570.72,258.78,407.56,578.0,571,578,3402.0,junction,junction,0.0,2076.0,201.0,164.0,101.0,,0
15043,thin,,interior,flat,219.29,447.29,578.71,258.78,407.56,578.0,578,579,3255.0,junction,junction,0.0,1986.0,201.0,164.0,121.0,,0
15057,thin,,interior,flat,297.0,408.11,617.22,258.44,446.89,617.44,617,617,3177.0,junction,junction,0.0,1939.0,164.0,164.0,64.0,,0
15065,thin,,interior,flat,375.09,367.91,578.91,336.14,407.21,578.14,578,579,3215.0,junction,junction,0.0,1962.0,201.0,164.0,63.0,,0
15067,thin,,interior,flat,297.0,447.1,578.4,336.14,407.21,578.14,578,578,3247.0,junction,junction,0.0,1981.0,201.0,116.0,54.0,,0
15079,thin,,interior,flat,297.0,408.11,617.22,336.21,367.1,618.42,617,618,3297.0,junction,partial,0.0,2012.0,164.0,116.0,54.0,,0
15081,thin,,interior,flat,375.23,407.23,617.92,336.91,446.73,617.18,617,618,3198.0,junction,junction,0.0,1951.0,201.0,116.0,88.0,,0
15089,thin,,interior,flat,453.5,366.7,578.8,419.38,406.54,583.33,579,583,3059.0,junction,junction,0.0,1867.0,164.0,116.0,90.0,,0
15091,thin,,interior,flat,375.64,446.36,578.29,419.38,406.54,583.33,578,583,3449.0,junction,junction,0.0,2104.0,164.0,116.0,64.0,,0
15103,thin,,interior,flat,375.23,407.23,617.92,414.0,367.67,617.17,617,618,3219.0,junction,junction,0.0,1964.0,164.0,164.0,60.0,,0
15105,thin,,interior,flat,453.58,406.25,618.17,414.64,446.0,617.64,618,618,3233.0,junction,junction,0.0,1973.0,201.0,116.0,66.0,,0
15113,thin,,interior,flat,525.27,361.19,573.81,492.5,406.07,579.43,574,579,3245.0,junction,junction,0.0,1980.0,201.0,164.0,82.0,,0
15127,thin,,interior,flat,453.58,406.25,618.17,485.42,366.64,623.69,618,624,2970.0,junction,junction,0.0,1812.0,164.0,116.0,84.0,,0
15129,thin,,interior,flat,531.89,405.78,618.33,493.06,445.31,618.31,618,618,3219.0,junction,junction,0.0,1964.0,201.0,164.0,64.0,,0
15137,thin,,interior,flat,609.56,366.0,579.33,570.4,405.0,579.9,579,580,3211.0,junction,junction,0.0,1959.0,201.0,164.0,91.0,,0
15151,thin,,interior,flat,531.89,405.78,618.33,570.14,366.21,618.64,618,619,3197.0,junction,junction,0.0,1951.0,201.0,164.0,58.0,,0
15253,thin,,interior,flat,219.46,485.92,617.85,180.77,525.54,617.54,618,618,3217.0,junction,junction,0.0,1963.0,232.0,164.0,71.0,,0
15261,thin,,interior,flat,297.0,447.1,578.4,258.69,486.0,578.31,578,578,3172.0,junction,junction,0.0,1935.0,201.0,164.0,58.0,,0
15263,thin,,interior,flat,219.77,525.38,578.38,258.69,486.0,578.31,578,578,3217.0,junction,junction,0.0,1963.0,232.0,164.0,74.0,,0
15275,thin,,interior,flat,219.46,485.92,617.85,258.44,446.89,617.44,617,618,3205.0,junction,junction,0.0,1956.0,232.0,116.0,71.0,,0
15277,thin,,interior,flat,298.0,485.5,618.0,258.92,525.83,617.67,618,618,3263.0,junction,junction,0.0,1991.0,201.0,164.0,71.0,,0
15285,thin,,interior,flat,375.64,446.36,578.29,336.5,485.58,578.67,578,579,3220.0,junction,junction,0.0,1965.0,164.0,116.0,71.0,,0
15287,thin,,interior,flat,298.08,525.17,578.83,336.5,485.58,578.67,579,579,3205.0,junction,junction,0.0,1955.0,201.0,116.0,68.0,,0
15294,thin,,interior,vertical,297.5,446.6,656.6,336.91,446.73,617.18,617,657,3238.0,junction,junction,0.0,1976.0,285.0,164.0,258.0,,0
15299,thin,,interior,flat,298.0,485.5,618.0,336.91,446.73,617.18,617,618,3192.0,junction,junction,0.0,1948.0,201.0,164.0,125.0,,0
15301,thin,,interior,flat,375.33,486.08,617.75,337.14,525.0,618.0,618,618,3168.0,junction,junction,0.0,1933.0,201.0,116.0,75.0,,0
15309,thin,,interior,flat,453.83,446.33,579.67,414.57,485.21,579.29,579,580,3210.0,junction,junction,0.0,1959.0,201.0,164.0,131.0,,0
15311,thin,,interior,flat,366.91,523.68,573.5,414.57,485.21,579.29,574,579,3574.0,junction,junction,0.0,2181.0,232.0,164.0,105.0,,0
15323,thin,,interior,flat,375.33,486.08,617.75,414.64,446.0,617.64,618,618,3262.0,junction,junction,0.0,1990.0,201.0,164.0,87.0,,0
15333,thin,,interior,flat,531.88,445.0,579.38,493.22,484.44,579.22,579,579,3209.0,junction,junction,0.0,1958.0,201.0,164.0,82.0,,0
15335,thin,,interior,flat,454.07,524.14,579.36,493.22,484.44,579.22,579,579,3239.0,junction,junction,0.0,1977.0,232.0,116.0,58.0,,0
15347,thin,,interior,flat,453.78,485.44,618.0,493.06,445.31,618.31,618,618,3263.0,junction,junction,0.0,1991.0,201.0,164.0,63.0,,0
15350,thin,,interior,vertical,541.28,485.89,628.72,492.9,484.8,657.0,629,657,3256.0,junction,junction,0.0,1987.0,285.0,164.0,119.0,,0
15360,thin,,interior,vertical,531.88,445.0,579.38,541.28,485.89,628.72,579,629,3763.0,junction,junction,0.0,2296.0,285.0,159.0,54.0,,0
15361,thin,,interior,vertical,531.77,524.23,578.6,541.28,485.89,628.72,579,629,3708.0,junction,junction,0.0,2262.0,285.0,164.0,65.0,,0
15457,thin,,interior,flat,219.77,525.38,578.38,180.92,563.8,579.48,578,579,3175.0,junction,junction,0.0,1937.0,232.0,164.0,107.0,,0
15473,thin,,interior,flat,219.93,564.93,617.27,180.91,604.09,617.91,617,618,3212.0,junction,junction,0.0,1960.0,201.0,164.0,58.0,,0
15481,thin,,interior,flat,298.08,525.17,578.83,269.92,563.5,569.96,570,579,2811.0,junction,junction,48.0,1715.0,201.0,164.0,92.0,,0
15483,thin,,interior,flat,219.92,604.0,578.46,269.92,563.5,569.96,570,578,3771.0,junction,junction,0.0,2301.0,232.0,164.0,74.0,,0
15495,thin,,interior,flat,219.93,564.93,617.27,258.92,525.83,617.67,617,618,3208.0,junction,junction,0.0,1957.0,164.0,116.0,71.0,,0
15497,thin,,interior,flat,298.11,565.0,617.67,258.78,604.33,618.11,618,618,3232.0,junction,junction,0.0,1972.0,201.0,164.0,104.0,,0
15505,thin,,interior,flat,366.91,523.68,573.5,337.23,563.69,578.62,574,579,2910.0,junction,junction,0.0,1775.0,201.0,164.0,60.0,,0
15507,thin,,interior,flat,298.17,603.92,578.42,337.23,563.69,578.62,578,579,3258.0,junction,junction,0.0,1988.0,201.0,164.0,67.0,,0
15519,thin,,interior,flat,298.11,565.0,617.67,337.14,525.0,618.0,618,618,3247.0,junction,junction,0.0,1981.0,201.0,164.0,58.0,,0
15521,thin,,interior,flat,376.0,564.1,618.1,337.64,603.82,617.64,618,618,3208.0,junction,junction,0.0,1958.0,201.0,164.0,71.0,,0
15543,thin,,interior,flat,376.0,564.1,618.1,414.54,525.08,618.46,618,618,3187.0,junction,junction,0.0,1944.0,232.0,164.0,64.0,,0
15691,thin,,interior,flat,142.06,643.75,617.25,180.91,604.09,617.91,617,618,3226.0,junction,junction,0.0,1968.0,201.0,164.0,87.0,,0
15703,thin,,interior,flat,219.89,682.44,578.56,258.92,643.38,578.54,579,579,3208.0,junction,junction,0.0,1958.0,232.0,164.0,58.0,,0
16146,thin,,boundary,flat,63.25,93.0,695.38,100.82,132.09,696.09,695,696,3150.0,junction,junction,0.0,1922.0,164.0,116.0,82.0,,0
16152,thin,,boundary,flat,99.55,56.09,695.82,139.53,93.27,696.27,696,696,3172.0,junction,junction,0.0,1936.0,164.0,116.0,74.0,,0
16174,thin,,interior,flat,139.53,93.27,696.27,178.62,132.85,695.69,696,696,3232.0,junction,junction,0.0,1972.0,164.0,116.0,119.0,,0
16180,thin,,boundary,flat,177.67,56.22,696.67,217.22,93.11,696.22,696,697,3143.0,junction,junction,0.0,1918.0,201.0,164.0,75.0,,0
16202,thin,,interior,flat,217.22,93.11,696.22,250.06,132.97,702.69,696,703,3024.0,junction,junction,0.0,1845.0,201.0,116.0,53.0,,0
16240,thin,,boundary,flat,373.4,54.6,658.3,420.12,94.0,650.33,650,658,3581.0,junction,junction,0.0,2185.0,232.0,116.0,41.0,,0
16243,thin,,interior,flat,373.77,131.81,657.92,420.12,94.0,650.33,650,658,3503.0,partial,junction,0.0,2138.0,232.0,164.0,314.0,,0
16271,thin,,interior,flat,451.25,131.75,658.0,490.4,91.53,658.4,658,658,3261.0,junction,junction,0.0,1990.0,201.0,164.0,93.0,,0
16327,thin,,interior,flat,602.95,124.95,653.73,644.33,86.37,656.48,654,656,3291.0,junction,junction,0.0,2008.0,201.0,164.0,71.0,,0
16402,thin,,boundary,flat,64.22,171.56,695.89,101.47,210.2,695.4,695,696,3118.0,junction,junction,0.0,1903.0,201.0,164.0,94.0,,0
16408,thin,,interior,flat,100.82,132.09,696.09,139.58,172.42,695.83,696,696,3250.0,junction,junction,0.0,1983.0,164.0,116.0,105.0,,0
16410,thin,,boundary,vertical,101.47,210.2,695.4,113.0,172.67,742.33,695,742,3555.0,junction,junction,0.0,2169.0,285.0,164.0,1032.0,,0
16414,thin,,interior,flat,218.73,211.82,657.0,179.0,172.12,656.69,657,657,3263.0,junction,junction,0.0,1991.0,201.0,164.0,106.0,,0
16430,thin,,interior,flat,139.58,172.42,695.83,183.9,211.48,700.38,696,700,3443.0,junction,junction,0.0,2101.0,164.0,116.0,85.0,,0
16434,thin,,boundary,vertical,218.0,172.0,696.07,182.0,173.17,742.83,696,743,3429.0,junction,junction,0.0,2093.0,349.0,116.0,138.0,,0
16436,thin,,interior,flat,178.62,132.85,695.69,218.0,172.0,696.07,696,696,3227.0,junction,junction,0.0,1969.0,116.0,116.0,82.0,,0
16438,thin,,boundary,vertical,183.9,211.48,700.38,182.0,173.17,742.83,700,743,3324.0,junction,junction,0.0,2028.0,349.0,164.0,205.0,,0
16458,thin,,interior,flat,218.0,172.0,696.07,256.8,212.0,696.6,696,697,3238.0,junction,junction,0.0,1976.0,116.0,116.0,58.0,,0
16464,thin,,interior,flat,250.06,132.97,702.69,296.29,171.5,696.5,696,703,3515.0,junction,junction,0.0,2145.0,201.0,116.0,80.0,,0
16486,thin,,interior,flat,296.29,171.5,696.5,335.25,210.75,695.62,696,696,3214.0,junction,junction,0.0,1961.0,201.0,164.0,128.0,,0
16525,thin,,interior,flat,529.64,130.57,658.93,490.75,169.75,659.17,659,659,3207.0,junction,junction,0.0,1957.0,201.0,164.0,88.0,,0
16527,thin,,interior,flat,452.54,210.62,658.08,490.75,169.75,659.17,658,659,3251.0,junction,junction,0.0,1984.0,201.0,164.0,96.0,,0
16642,thin,,interior,flat,129.35,290.02,663.54,101.73,250.18,656.73,657,664,2844.0,junction,junction,0.0,1735.0,232.0,164.0,66.0,,0
16662,thin,,boundary,vertical,140.55,250.27,695.82,110.56,251.39,745.56,696,746,3375.0,junction,junction,0.0,2059.0,349.0,140.0,283.0,,0
16664,thin,,interior,flat,101.47,210.2,695.4,140.55,250.27,695.82,695,696,3252.0,junction,junction,0.0,1984.0,164.0,116.0,67.0,,0
16665,thin,,boundary,vertical,101.47,210.2,695.4,110.56,251.39,745.56,695,746,3808.0,junction,junction,0.0,2323.0,329.0,164.0,1114.0,,0
16666,thin,,boundary,vertical,101.55,289.18,695.55,110.56,251.39,745.56,696,746,3679.0,junction,junction,0.0,2245.0,339.0,116.0,405.0,,0
16668,thin,,interior,flat,140.08,211.31,656.69,178.86,251.14,657.0,657,657,3230.0,junction,junction,0.0,1971.0,232.0,164.0,82.0,,0
16670,thin,,interior,flat,218.69,290.23,656.77,178.86,251.14,657.0,657,657,3243.0,junction,junction,0.0,1979.0,201.0,164.0,62.0,,0
16671,thin,,interior,flat,129.35,290.02,663.54,178.86,251.14,657.0,657,664,3677.0,junction,junction,0.0,2243.0,232.0,183.0,50.0,,0
16677,thin,,interior,vertical,129.35,290.02,663.54,140.55,250.27,695.82,664,696,3045.0,junction,junction,0.0,1858.0,285.0,164.0,71.0,,0
16686,thin,,interior,flat,140.55,250.27,695.82,180.81,289.62,696.23,696,696,3271.0,junction,junction,0.0,1996.0,164.0,116.0,64.0,,0
16692,thin,,interior,flat,183.9,211.48,700.38,218.38,250.0,696.0,696,700,3014.0,junction,junction,0.0,1839.0,164.0,116.0,71.0,,0
16698,thin,,interior,flat,296.8,289.73,656.53,257.36,249.82,656.27,656,657,3260.0,junction,junction,0.0,1989.0,201.0,164.0,91.0,,0
16720,thin,,interior,flat,256.8,212.0,696.6,296.18,250.45,696.45,696,697,3198.0,junction,junction,0.0,1951.0,201.0,116.0,87.0,,0
16727,thin,,interior,flat,296.8,289.73,656.53,335.5,250.36,656.93,657,657,3208.0,junction,junction,0.0,1957.0,232.0,164.0,125.0,,0
16742,thin,,interior,flat,296.18,250.45,696.45,335.29,290.0,695.93,696,696,3231.0,junction,junction,0.0,1972.0,201.0,164.0,89.0,,0
16748,thin,,interior,flat,335.25,210.75,695.62,374.62,250.77,696.46,696,696,3262.0,junction,junction,0.0,1990.0,201.0,164.0,168.0,,0
16752,thin,,interior,flat,373.92,210.54,657.46,406.74,249.64,668.56,657,669,3035.0,junction,junction,0.0,1852.0,201.0,183.0,54.0,,0
16753,thin,,interior,flat,452.54,210.62,658.08,406.74,249.64,668.56,658,669,3548.0,junction,junction,0.0,2165.0,201.0,164.0,66.0,,0
16754,thin,,interior,flat,452.35,289.12,657.71,406.74,249.64,668.56,658,669,3561.0,junction,junction,0.0,2173.0,201.0,164.0,66.0,,0
16770,thin,,interior,flat,374.62,250.77,696.46,413.75,289.17,696.83,696,697,3185.0,junction,junction,0.0,1944.0,232.0,164.0,120.0,,0
16783,thin,,interior,flat,452.35,289.12,657.71,491.27,248.27,657.45,657,658,3278.0,junction,junction,0.0,2000.0,201.0,116.0,82.0,,0
16798,thin,,interior,flat,452.62,248.88,696.62,491.71,289.5,696.64,697,697,3276.0,junction,junction,0.0,1999.0,232.0,116.0,71.0,,0
16809,thin,,interior,flat,607.91,208.55,658.73,569.18,248.36,658.45,658,659,3227.0,junction,junction,0.0,1969.0,201.0,164.0,58.0,,0
16818,thin,,boundary,vertical,533.26,281.78,743.46,530.94,248.0,697.88,698,743,3299.0,junction,junction,0.0,2013.0,329.0,164.0,97.0,,0
16823,thin,,boundary,vertical,602.33,209.67,745.08,568.38,209.88,699.33,699,745,3310.0,junction,junction,0.0,2020.0,385.0,140.0,50.0,,0
16847,thin,,boundary,vertical,602.33,209.67,745.08,603.44,252.44,697.48,697,745,3719.0,junction,junction,0.0,2269.0,285.0,188.0,113.0,,0
16862,thin,,boundary,vertical,652.16,282.47,703.25,636.27,245.67,743.67,703,744,3307.0,junction,junction,0.0,2018.0,349.0,116.0,81.0,,0
16920,thin,,interior,flat,101.55,289.18,695.55,140.83,328.83,695.67,696,696,3243.0,junction,junction,0.0,1979.0,232.0,164.0,49.0,,0
16938,thin,,boundary,vertical,140.5,286.17,744.83,180.81,289.62,696.23,696,745,3674.0,junction,junction,0.0,2242.0,385.0,116.0,285.0,,0
16942,thin,,interior,flat,140.83,328.83,695.67,180.42,368.5,695.58,696,696,3256.0,junction,junction,0.0,1987.0,201.0,164.0,58.0,,0
16948,thin,,interior,flat,180.81,289.62,696.23,219.12,328.88,695.62,696,696,3188.0,junction,junction,0.0,1945.0,201.0,116.0,74.0,,0
16952,thin,,interior,flat,218.69,290.23,656.77,257.93,329.07,656.43,656,657,3208.0,junction,junction,0.0,1957.0,201.0,164.0,101.0,,0
16962,thin,,boundary,vertical,215.89,358.61,739.78,219.12,328.88,695.62,696,740,3099.0,junction,junction,0.0,1891.0,349.0,140.0,288.0,,0
16970,thin,,interior,flat,219.12,328.88,695.62,258.0,368.25,695.42,695,696,3215.0,junction,junction,0.0,1962.0,201.0,116.0,103.0,,0
16976,thin,,interior,flat,257.83,290.17,696.33,297.98,328.4,696.92,696,697,3221.0,junction,junction,0.0,1965.0,164.0,116.0,110.0,,0
16980,thin,,interior,flat,296.8,289.73,656.53,336.0,329.36,655.71,656,657,3239.0,junction,junction,0.0,1976.0,201.0,164.0,78.0,,0
16981,thin,,interior,flat,374.75,289.25,656.67,336.0,329.36,655.71,656,657,3241.0,junction,junction,0.0,1977.0,232.0,164.0,68.0,,0
16982,thin,,interior,flat,374.92,367.46,656.62,336.0,329.36,655.71,656,657,3165.0,junction,junction,0.0,1931.0,201.0,164.0,66.0,,0
16998,thin,,interior,flat,297.98,328.4,696.92,332.83,364.88,692.75,693,697,2941.0,junction,junction,0.0,1795.0,164.0,116.0,142.0,,0
17004,thin,,interior,flat,335.29,290.0,695.93,374.87,328.93,695.8,696,696,3226.0,junction,junction,0.0,1968.0,201.0,116.0,64.0,,0
17026,thin,,interior,flat,374.87,328.93,695.8,415.0,367.59,696.91,696,697,3238.0,junction,junction,0.0,1976.0,201.0,164.0,53.0,,0
17037,thin,,interior,flat,531.27,288.09,658.0,492.33,327.11,657.89,658,658,3203.0,junction,junction,0.0,1954.0,201.0,116.0,71.0,,0
17038,thin,,interior,flat,531.0,366.25,657.92,492.33,327.11,657.89,658,658,3197.0,junction,junction,0.0,1950.0,232.0,164.0,101.0,,0
17039,thin,,interior,flat,450.31,367.95,652.87,492.33,327.11,657.89,653,658,3417.0,junction,junction,0.0,2085.0,232.0,164.0,96.0,,0
17046,thin,,boundary,vertical,453.14,362.76,743.0,452.79,328.29,696.43,696,743,3367.0,junction,junction,0.0,2054.0,349.0,164.0,51.0,,0
17060,thin,,interior,flat,491.71,289.5,696.64,530.58,327.17,696.75,697,697,3145.0,junction,junction,0.0,1919.0,232.0,164.0,78.0,,0
17067,thin,,interior,flat,531.0,366.25,657.92,569.94,327.38,657.81,658,658,3197.0,junction,junction,0.0,1951.0,232.0,164.0,76.0,,0
17078,thin,,boundary,vertical,533.26,281.78,743.46,569.27,287.73,697.09,697,743,3428.0,junction,junction,0.0,2092.0,349.0,164.0,222.0,,0
17082,thin,,interior,flat,530.58,327.17,696.75,570.23,366.85,696.85,697,697,3259.0,junction,junction,0.0,1989.0,232.0,164.0,119.0,,0
17102,thin,,boundary,vertical,604.75,366.0,744.46,614.2,327.69,702.46,702,744,3348.0,junction,junction,0.0,2043.0,329.0,116.0,58.0,,0
17198,thin,,interior,flat,141.67,407.67,695.33,180.56,447.44,695.38,695,695,3232.0,junction,junction,0.0,1972.0,201.0,164.0,101.0,,0
17202,thin,,boundary,vertical,219.55,408.0,695.55,183.78,400.22,744.11,696,744,3533.0,junction,junction,0.0,2156.0,349.0,188.0,203.0,,0
17205,thin,,boundary,vertical,180.42,368.5,695.58,183.78,400.22,744.11,696,744,3374.0,junction,junction,0.0,2059.0,349.0,183.0,328.0,,0
17210,thin,,interior,flat,297.5,446.6,656.6,258.18,407.36,656.18,656,657,3227.0,junction,junction,0.0,1969.0,201.0,164.0,65.0,,0
17223,thin,,boundary,vertical,290.67,368.08,739.5,258.0,368.25,695.42,695,740,3188.0,junction,junction,0.0,1945.0,385.0,164.0,85.0,,0
17226,thin,,interior,flat,219.55,408.0,695.55,259.23,447.08,695.54,696,696,3236.0,junction,junction,0.0,1974.0,232.0,164.0,88.0,,0
17232,thin,,interior,flat,258.0,368.25,695.42,297.78,407.33,696.0,695,696,3240.0,junction,junction,0.0,1977.0,164.0,164.0,62.0,,0
17236,thin,,interior,flat,297.18,368.0,656.73,336.18,407.55,656.45,656,657,3227.0,junction,junction,0.0,1969.0,201.0,164.0,58.0,,0
17239,thin,,interior,flat,297.5,446.6,656.6,336.18,407.55,656.45,656,657,3194.0,junction,junction,0.0,1949.0,232.0,164.0,90.0,,0
17254,thin,,interior,flat,297.78,407.33,696.0,336.83,447.0,695.92,696,696,3234.0,junction,junction,0.0,1973.0,201.0,116.0,67.0,,0
17260,thin,,interior,flat,332.83,364.88,692.75,375.54,407.85,696.08,693,696,3525.0,junction,junction,0.0,2151.0,201.0,116.0,94.0,,0
17264,thin,,interior,flat,374.92,367.46,656.62,413.78,406.78,656.44,656,657,3212.0,junction,junction,0.0,1960.0,201.0,164.0,123.0,,0
17282,thin,,interior,flat,375.54,407.85,696.08,414.78,445.46,703.83,696,704,3190.0,junction,junction,0.0,1947.0,164.0,116.0,60.0,,0
17286,thin,,boundary,vertical,453.93,407.0,696.4,415.96,398.74,743.56,696,744,3550.0,junction,junction,0.0,2166.0,385.0,116.0,148.0,,0
17288,thin,,interior,flat,415.0,367.59,696.91,453.93,407.0,696.4,696,697,3219.0,junction,junction,0.0,1964.0,201.0,116.0,64.0,,0
17289,thin,,boundary,vertical,415.0,367.59,696.91,415.96,398.74,743.56,697,744,3259.0,junction,junction,0.0,1989.0,329.0,159.0,50.0,,0
17293,thin,,interior,flat,531.0,366.25,657.92,492.27,406.73,657.09,657,658,3255.0,junction,junction,0.0,1986.0,201.0,164.0,75.0,,0
17310,thin,,interior,flat,453.93,407.0,696.4,494.05,445.65,696.17,696,696,3237.0,junction,junction,0.0,1975.0,201.0,164.0,103.0,,0
17316,thin,,interior,flat,492.46,367.77,696.62,531.47,406.33,696.53,697,697,3187.0,junction,junction,0.0,1945.0,201.0,164.0,51.0,,0
17335,thin,,boundary,vertical,604.75,366.0,744.46,570.23,366.85,696.85,697,744,3417.0,junction,junction,0.0,2085.0,403.0,116.0,62.0,,0
17338,thin,,interior,flat,531.47,406.33,696.53,562.15,445.39,691.3,691,697,2902.0,junction,junction,0.0,1771.0,201.0,164.0,58.0,,0
17347,thin,,interior,vertical,562.15,445.39,691.3,563.87,405.36,661.11,661,691,2915.0,junction,junction,0.0,1779.0,232.0,164.0,68.0,,0
17460,thin,,interior,flat,180.56,447.44,695.38,219.62,486.46,695.54,695,696,3208.0,junction,junction,0.0,1957.0,232.0,164.0,59.0,,0
17464,thin,,interior,flat,219.18,446.64,656.45,252.93,486.89,662.0,656,662,3069.0,junction,junction,0.0,1872.0,201.0,164.0,58.0,,0
17466,thin,,interior,flat,303.4,525.24,654.13,252.93,486.89,662.0,654,662,3711.0,junction,junction,0.0,2264.0,232.0,164.0,53.0,,0
17474,thin,,boundary,vertical,212.03,516.99,740.22,219.62,486.46,695.54,696,740,3175.0,junction,junction,0.0,1937.0,349.0,116.0,262.0,,0
17482,thin,,interior,flat,219.62,486.46,695.54,258.79,525.29,696.21,696,696,3205.0,junction,junction,0.0,1955.0,201.0,164.0,58.0,,0
17488,thin,,interior,flat,259.23,447.08,695.54,297.09,486.36,696.09,696,696,3170.0,junction,junction,0.0,1934.0,201.0,116.0,50.0,,0
17510,thin,,interior,flat,297.09,486.36,696.09,336.67,525.58,696.33,696,696,3237.0,junction,junction,0.0,1975.0,201.0,164.0,71.0,,0
17516,thin,,interior,flat,336.83,447.0,695.92,375.64,485.91,695.64,696,696,3193.0,junction,junction,0.0,1948.0,201.0,164.0,58.0,,0
17535,thin,,boundary,vertical,451.71,435.33,744.14,414.78,445.46,703.83,704,744,3230.0,junction,junction,0.0,1971.0,329.0,116.0,54.0,,0
17538,thin,,interior,flat,375.64,485.91,695.64,414.75,525.35,695.95,696,696,3227.0,junction,junction,0.0,1969.0,201.0,164.0,53.0,,0
17544,thin,,interior,flat,414.78,445.46,703.83,453.92,485.83,696.0,696,704,3298.0,junction,junction,0.0,2013.0,164.0,164.0,85.0,,0
17566,thin,,interior,flat,453.92,485.83,696.0,492.91,524.82,696.18,696,696,3204.0,junction,junction,0.0,1955.0,164.0,164.0,108.0,,0
17572,thin,,interior,flat,494.05,445.65,696.17,532.12,485.0,696.88,696,697,3182.0,junction,junction,0.0,1941.0,201.0,164.0,93.0,,0
17573,thin,,boundary,vertical,494.05,445.65,696.17,493.04,481.92,743.83,696,744,3480.0,junction,junction,0.0,2123.0,349.0,116.0,123.0,,0
17586,thin,,boundary,vertical,531.83,521.67,744.42,532.12,485.0,696.88,697,744,3488.0,junction,junction,0.0,2128.0,329.0,188.0,93.0,,0
17594,thin,,interior,flat,532.12,485.0,696.88,570.91,523.36,697.91,697,698,3170.0,junction,junction,0.0,1934.0,164.0,116.0,57.0,,0
17600,thin,,interior,flat,562.15,445.39,691.3,610.0,483.64,697.0,691,697,3574.0,junction,junction,0.0,2181.0,201.0,164.0,66.0,,0
17614,thin,,boundary,vertical,602.89,524.89,743.11,610.0,483.64,697.0,697,743,3618.0,junction,junction,0.0,2208.0,329.0,164.0,97.0,,0
17628,thin,,interior,flat,649.08,444.17,697.17,688.0,482.38,697.85,697,698,3169.0,junction,junction,0.0,1934.0,232.0,164.0,77.0,,0
17641,thin,,interior,vertical,695.08,521.75,648.89,688.0,482.38,697.85,649,698,3673.0,junction,junction,0.0,2241.0,285.0,116.0,54.0,,0
17654,thin,,interior,flat,688.0,482.38,697.85,727.38,520.92,698.31,698,698,3202.0,junction,junction,0.0,1954.0,201.0,164.0,74.0,,0
17707,thin,,boundary,vertical,212.03,516.99,740.22,180.38,525.85,695.77,696,740,3212.0,junction,junction,0.0,1960.0,349.0,159.0,605.0,,0
17710,thin,,interior,flat,141.73,565.27,695.64,180.77,604.46,695.69,696,696,3214.0,junction,junction,0.0,1961.0,232.0,164.0,64.0,,0
17714,thin,,boundary,vertical,220.25,565.25,695.5,190.0,564.0,744.0,696,744,3322.0,junction,junction,0.0,2027.0,329.0,159.0,216.0,,0
17716,thin,,interior,flat,180.38,525.85,695.77,220.25,565.25,695.5,696,696,3257.0,junction,junction,0.0,1987.0,232.0,164.0,80.0,,0
17717,thin,,boundary,vertical,180.38,525.85,695.77,190.0,564.0,744.0,696,744,3616.0,junction,junction,0.0,2207.0,349.0,164.0,223.0,,0
17718,thin,,boundary,vertical,180.77,604.46,695.69,190.0,564.0,744.0,696,744,3700.0,junction,junction,0.0,2258.0,349.0,116.0,198.0,,0
17738,thin,,interior,flat,220.25,565.25,695.5,258.92,604.5,696.33,696,696,3201.0,junction,junction,0.0,1953.0,232.0,164.0,118.0,,0
17744,thin,,interior,flat,258.79,525.29,696.21,297.5,564.7,696.1,696,696,3210.0,junction,junction,0.0,1959.0,201.0,164.0,95.0,,0
17758,thin,,boundary,vertical,303.67,605.0,743.67,297.5,564.7,696.1,696,744,3640.0,junction,junction,0.0,2221.0,349.0,164.0,183.0,,0
17786,thin,,boundary,vertical,381.29,598.0,745.0,376.0,560.46,699.79,700,745,3428.0,junction,junction,0.0,2092.0,260.0,164.0,383.0,,0
17794,thin,,interior,flat,376.0,560.46,699.79,415.58,603.92,696.42,696,700,3421.0,junction,junction,0.0,2087.0,201.0,164.0,63.0,,0
17800,thin,,interior,flat,414.75,525.35,695.95,460.03,564.36,701.97,696,702,3490.0,junction,junction,0.0,2129.0,164.0,164.0,58.0,,0
17815,thin,,boundary,vertical,455.44,527.48,744.7,460.03,564.36,701.97,702,745,3290.0,junction,junction,0.0,2008.0,285.0,140.0,264.0,,0
17822,thin,,interior,flat,460.03,564.36,701.97,493.7,603.1,696.1,696,702,3002.0,junction,junction,0.0,1831.0,201.0,164.0,63.0,,0
17828,thin,,interior,flat,492.91,524.82,696.18,533.12,562.77,697.73,696,698,3214.0,junction,junction,0.0,1961.0,201.0,116.0,71.0,,0
17830,thin,,boundary,vertical,493.7,603.1,696.1,502.0,559.0,746.0,696,746,3899.0,junction,junction,0.0,2379.0,329.0,164.0,240.0,,0
17847,thin,,boundary,vertical,602.89,524.89,743.11,570.91,523.36,697.91,698,743,3218.0,junction,junction,0.0,1964.0,349.0,174.0,124.0,,0
17850,thin,,interior,flat,533.12,562.77,697.73,572.0,602.46,697.08,697,698,3229.0,junction,junction,0.0,1970.0,164.0,116.0,101.0,,0
17856,thin,,interior,flat,570.91,523.36,697.91,611.0,562.62,697.38,697,698,3260.0,junction,junction,0.0,1989.0,201.0,116.0,103.0,,0
17870,thin,,boundary,vertical,612.9,593.95,745.9,611.0,562.62,697.38,697,746,3358.0,junction,junction,0.0,2049.0,329.0,164.0,105.0,,0
17871,thin,,boundary,vertical,602.89,524.89,743.11,611.0,562.62,697.38,697,743,3477.0,junction,junction,0.0,2122.0,339.0,140.0,119.0,,0
17878,thin,,interior,flat,611.0,562.62,697.38,649.67,602.0,697.33,697,697,3206.0,junction,junction,0.0,1956.0,164.0,164.0,76.0,,0
17884,thin,,interior,flat,649.33,522.5,697.42,688.71,561.5,697.5,697,698,3220.0,junction,junction,0.0,1965.0,232.0,164.0,78.0,,0
17916,thin,,boundary,flat,727.38,520.92,698.31,763.73,560.27,698.0,698,698,3112.0,junction,junction,0.0,1899.0,232.0,164.0,86.0,,0
17934,thin,,boundary,vertical,74.0,611.0,735.0,103.27,604.0,696.27,696,735,2850.0,junction,junction,0.0,1739.0,349.0,116.0,466.0,,0
18026,thin,,boundary,vertical,376.64,643.0,696.09,341.33,642.37,744.6,696,745,3486.0,junction,junction,0.0,2127.0,349.0,164.0,204.0,,0
18029,thin,,boundary,vertical,337.25,604.17,696.0,341.33,642.37,744.6,696,745,3599.0,junction,junction,0.0,2196.0,329.0,164.0,122.0,,0
18046,thin,,boundary,vertical,381.29,598.0,745.0,415.58,603.92,696.42,696,745,3472.0,junction,junction,0.0,2119.0,349.0,116.0,222.0,,0
18056,thin,,interior,flat,415.58,603.92,696.42,446.61,643.42,707.15,696,707,2984.0,junction,junction,152.0,1669.0,201.0,164.0,108.0,,0
18068,thin,,interior,vertical,454.69,603.31,657.0,446.61,643.42,707.15,657,707,3761.0,junction,junction,0.0,2295.0,285.0,116.0,64.0,,0
18069,thin,,interior,vertical,459.67,682.53,655.25,446.61,643.42,707.15,655,707,3851.0,junction,junction,0.0,2350.0,285.0,164.0,109.0,,0
18075,thin,,boundary,vertical,528.5,604.75,744.25,493.7,603.1,696.1,696,744,3453.0,junction,junction,0.0,2107.0,349.0,164.0,399.0,,0
18076,thin,,boundary,vertical,446.61,643.42,707.15,504.0,643.71,745.0,707,745,3994.0,junction,junction,68.0,2370.0,581.0,159.0,971.0,,0
18078,thin,,interior,flat,446.61,643.42,707.15,494.42,681.42,697.25,697,707,3594.0,junction,junction,0.0,2193.0,201.0,164.0,58.0,,0
18084,thin,,interior,flat,493.7,603.1,696.1,533.0,641.75,696.67,696,697,3203.0,junction,junction,0.0,1954.0,201.0,116.0,68.0,,0
18085,thin,,boundary,vertical,493.7,603.1,696.1,504.0,643.71,745.0,696,745,3741.0,junction,junction,0.0,2283.0,329.0,183.0,158.0,,0
18086,thin,,boundary,vertical,494.42,681.42,697.25,504.0,643.71,745.0,697,745,3578.0,junction,junction,0.0,2183.0,285.0,140.0,71.0,,0
18099,thin,,boundary,vertical,528.5,604.75,744.25,533.0,641.75,696.67,697,744,3512.0,junction,junction,0.0,2143.0,285.0,164.0,95.0,,0
18106,thin,,interior,flat,533.0,641.75,696.67,572.5,682.0,697.4,697,697,3277.0,junction,junction,0.0,1999.0,201.0,164.0,57.0,,0
18112,thin,,interior,flat,572.0,602.46,697.08,611.33,641.67,697.33,697,697,3227.0,junction,junction,0.0,1969.0,201.0,164.0,62.0,,0
18130,thin,,boundary,vertical,612.9,593.95,745.9,649.67,602.0,697.33,697,746,3570.0,junction,junction,0.0,2178.0,349.0,164.0,499.0,,0
18134,thin,,interior,flat,611.33,641.67,697.33,646.56,683.33,697.22,697,697,3170.0,junction,junction,0.0,1934.0,201.0,164.0,70.0,,0
18140,thin,,interior,flat,649.67,602.0,697.33,688.82,640.36,697.82,697,698,3185.0,junction,junction,0.0,1943.0,201.0,164.0,118.0,,0
18142,thin,,boundary,vertical,646.56,683.33,697.22,650.88,644.38,743.31,697,743,3515.0,junction,junction,0.0,2145.0,285.0,188.0,101.0,,0
18159,thin,,boundary,vertical,764.5,684.0,731.5,764.33,639.33,699.0,699,732,3209.0,junction,junction,0.0,1958.0,232.0,164.0,222.0,,0
18166,thin,,interior,flat,688.82,640.36,697.82,729.0,679.5,699.0,698,699,3260.0,junction,junction,0.0,1989.0,201.0,116.0,70.0,,0
18202,thin,,boundary,vertical,142.75,723.5,695.92,102.92,713.58,744.5,696,744,3695.0,junction,junction,0.0,2255.0,329.0,140.0,253.0,,0
18205,thin,,boundary,vertical,103.5,683.12,695.62,102.92,713.58,744.5,696,744,3346.0,junction,junction,0.0,2042.0,285.0,140.0,353.0,,0
18212,thin,,boundary,flat,143.8,755.3,737.86,188.75,723.0,729.0,729,738,3257.0,partial,junction,0.0,1987.0,493.0,116.0,155.0,,0
18333,thin,,boundary,vertical,415.92,682.15,696.62,415.5,718.5,741.5,697,742,3356.0,junction,junction,0.0,2048.0,260.0,164.0,91.0,,0
18350,thin,,boundary,vertical,458.0,668.67,743.67,494.42,681.42,697.25,697,744,3507.0,junction,junction,0.0,2140.0,329.0,116.0,343.0,,0
18364,thin,,interior,flat,494.42,681.42,697.25,533.58,720.75,697.08,697,697,3225.0,junction,junction,0.0,1968.0,232.0,164.0,58.0,,0
18396,thin,,interior,flat,572.5,682.0,697.4,611.75,720.5,697.38,697,697,3194.0,junction,junction,0.0,1949.0,201.0,164.0,68.0,,0
18428,thin,,interior,flat,646.56,683.33,697.22,689.0,720.82,697.73,697,698,3290.0,junction,junction,0.0,2008.0,201.0,164.0,120.0,,0
18464,thin,,boundary,flat,729.0,679.5,699.0,764.88,719.5,698.75,699,699,3122.0,junction,junction,0.0,1905.0,201.0,164.0,58.0,,0
0,bent,,boundary,flat,64.0,57.0,33.0,108.08,98.58,18.67,19,33,3618.0,junction,junction,0.0,2208.0,604.0,435.0,739.0,,0
13,bent,,boundary,vertical,64.75,97.42,63.25,108.08,98.58,18.67,19,63,3613.0,junction,junction,0.0,2204.0,349.0,329.0,287.0,,0
35,bent,,boundary,vertical,217.0,55.38,107.0,178.44,56.0,68.11,68,107,3182.0,junction,junction,0.0,1941.0,329.0,329.0,218.0,,0
37,bent,,boundary,vertical,140.17,92.42,67.92,171.0,99.0,27.0,27,68,3001.0,junction,junction,0.0,1831.0,385.0,329.0,281.0,,0
53,bent,,boundary,vertical,214.67,138.17,20.5,217.81,93.38,68.19,20,68,3806.0,junction,junction,0.0,2322.0,419.0,349.0,341.0,,0
58,bent,,boundary,vertical,217.0,55.38,107.0,257.0,55.4,68.5,68,107,3226.0,junction,junction,0.0,1968.0,285.0,201.0,408.0,,0
61,bent,,boundary,vertical,217.81,93.38,68.19,266.06,98.29,34.9,35,68,3417.0,junction,junction,0.0,2085.0,394.0,272.0,285.0,,0
64,bent,,boundary,vertical,296.29,98.17,62.06,266.06,98.29,34.9,35,62,2361.0,junction,junction,0.0,1441.0,349.0,260.0,239.0,,0
90,bent,,interior,vertical,373.75,91.83,68.75,335.0,91.82,107.82,69,108,3197.0,junction,junction,0.0,1951.0,329.0,260.0,252.0,,0
154,bent,,boundary,vertical,529.67,53.33,109.11,569.0,54.0,69.5,70,109,3244.0,junction,junction,0.0,1979.0,329.0,285.0,252.0,,0
167,bent,,boundary,vertical,577.45,129.29,75.43,569.28,91.16,29.62,30,75,3496.0,junction,partial,0.0,2133.0,403.0,260.0,218.0,,0
197,bent,,boundary,vertical,682.29,131.38,22.41,685.36,89.18,69.82,22,70,3692.0,junction,junction,0.0,2253.0,403.0,367.0,1008.0,,0
201,bent,,boundary,vertical,754.5,124.38,38.0,761.75,87.25,69.12,38,69,2846.0,junction,junction,0.0,1737.0,285.0,232.0,345.0,,0
212,bent,,boundary,vertical,761.75,87.25,69.12,729.0,99.0,22.0,22,69,3403.0,junction,junction,0.0,2077.0,403.0,201.0,633.0,,0
229,bent,,boundary,vertical,135.17,133.83,16.0,103.05,132.23,67.36,16,67,3521.0,junction,junction,0.0,2148.0,385.0,201.0,546.0,,0
239,bent,,boundary,vertical,103.05,132.23,67.36,106.33,171.4,26.73,27,67,3285.0,junction,junction,0.0,2004.0,349.0,349.0,413.0,,0
253,bent,,boundary,vertical,214.67,138.17,20.5,179.27,132.93,68.2,20,68,3465.0,junction,junction,0.0,2114.0,479.0,260.0,446.0,,0
256,bent,,interior,vertical,140.64,171.36,68.55,180.21,171.0,108.07,69,108,3250.0,junction,junction,0.0,1983.0,403.0,329.0,233.0,,0
383,bent,,boundary,vertical,577.45,129.29,75.43,569.74,169.46,29.69,30,75,3566.0,junction,partial,0.0,2176.0,479.0,349.0,255.0,,0
397,bent,,boundary,vertical,682.29,131.38,22.41,646.9,128.6,70.6,22,71,3478.0,junction,junction,0.0,2122.0,435.0,385.0,1059.0,,0
421,bent,,boundary,vertical,754.44,201.0,34.44,761.08,166.25,71.42,34,71,2973.0,junction,junction,0.0,1814.0,349.0,260.0,318.0,,0
424,bent,,boundary,vertical,682.29,131.38,22.41,724.82,127.09,70.91,22,71,3756.0,junction,junction,0.0,2292.0,479.0,435.0,500.0,,0
432,bent,,boundary,vertical,761.08,166.25,71.42,725.89,174.78,32.56,33,71,3086.0,junction,junction,0.0,1883.0,403.0,349.0,599.0,,0
450,bent,,boundary,vertical,65.88,210.0,106.12,102.62,210.23,68.15,68,106,3070.0,junction,junction,0.0,1873.0,349.0,285.0,234.0,,0
453,bent,,boundary,vertical,66.6,248.8,68.2,109.33,249.67,23.0,23,68,3614.0,junction,junction,0.0,2205.0,435.0,403.0,494.0,,0
475,bent,,interior,vertical,219.53,211.47,107.07,180.0,211.67,67.42,67,107,3253.0,junction,junction,0.0,1985.0,349.0,260.0,353.0,,0
496,bent,,boundary,vertical,222.47,217.93,19.07,257.29,211.17,70.08,19,70,3610.0,junction,junction,0.0,2203.0,435.0,260.0,277.0,,0
497,bent,,boundary,vertical,297.5,210.42,28.69,257.29,211.17,70.08,29,70,3353.0,partial,junction,0.0,2046.0,532.0,285.0,261.0,,0
523,bent,,interior,vertical,374.23,209.85,109.0,335.86,210.93,69.57,70,109,3197.0,junction,junction,0.0,1951.0,329.0,329.0,233.0,,0
569,bent,,boundary,vertical,531.02,208.88,29.52,486.32,210.32,75.8,30,76,3739.0,partial,junction,0.0,2282.0,479.0,385.0,217.0,,0
644,bent,,boundary,vertical,678.04,215.07,22.18,725.23,205.85,70.62,22,71,3965.0,junction,junction,0.0,2419.0,520.0,479.0,602.0,,0
652,bent,,boundary,vertical,761.33,244.78,71.44,732.0,254.0,25.0,25,71,3236.0,junction,junction,0.0,1975.0,349.0,285.0,513.0,,0
659,bent,,boundary,vertical,736.12,284.71,64.28,732.0,254.0,25.0,25,64,2907.0,junction,junction,0.0,1774.0,402.0,201.0,521.0,,0
721,bent,,boundary,vertical,220.1,328.7,68.5,259.5,335.0,20.0,20,68,3649.0,junction,junction,0.0,2226.0,520.0,419.0,475.0,,0
727,bent,,boundary,vertical,258.27,290.0,68.55,259.5,335.0,20.0,20,69,3847.0,junction,junction,0.0,2347.0,581.0,385.0,323.0,,0
761,bent,,boundary,vertical,373.0,355.75,21.0,375.5,328.83,69.22,21,69,3212.0,junction,junction,0.0,1960.0,435.0,201.0,392.0,,0
792,bent,,interior,vertical,453.86,327.29,69.86,492.18,327.27,109.36,70,109,3198.0,junction,junction,0.0,1951.0,349.0,260.0,292.0,,0
846,bent,,interior,vertical,686.82,324.18,70.09,648.2,325.0,109.53,70,110,3207.0,junction,junction,0.0,1957.0,329.0,201.0,350.0,,0
860,bent,,boundary,vertical,757.67,277.25,32.33,762.1,321.6,69.7,32,70,3379.0,junction,junction,0.0,2062.0,329.0,285.0,250.0,,0
865,bent,,boundary,vertical,757.67,277.25,32.33,736.12,284.71,64.28,32,64,2280.0,junction,junction,0.0,1391.0,435.0,403.0,393.0,,0
927,bent,,boundary,vertical,191.56,446.2,62.94,181.85,407.02,28.32,28,63,3090.0,junction,partial,0.0,1885.0,385.0,201.0,444.0,,0
933,bent,,boundary,vertical,221.89,448.89,24.22,220.07,407.29,68.93,24,69,3550.0,junction,junction,0.0,2166.0,435.0,385.0,428.0,,0
995,bent,,boundary,vertical,415.56,367.44,70.11,422.66,401.86,20.6,21,70,3528.0,junction,junction,0.0,2152.0,435.0,329.0,278.0,,0
1105,bent,,boundary,vertical,68.0,524.5,31.5,67.57,484.71,68.86,32,69,3171.0,junction,junction,0.0,1935.0,349.0,285.0,234.0,,0
1116,bent,,boundary,vertical,142.76,485.59,68.59,105.0,486.0,24.0,24,69,3395.0,junction,junction,0.0,2072.0,435.0,403.0,379.0,,0
1147,bent,,boundary,vertical,182.0,525.43,69.07,185.25,483.17,22.17,22,69,3673.0,junction,junction,0.0,2241.0,435.0,367.0,226.0,,0
1156,bent,,boundary,vertical,221.89,448.89,24.22,259.54,446.77,69.31,24,69,3415.0,junction,junction,0.0,2084.0,479.0,419.0,545.0,,0
1167,bent,,boundary,vertical,259.54,446.77,69.31,270.17,487.33,20.75,21,69,3728.0,junction,junction,0.0,2274.0,435.0,260.0,252.0,,0
1180,bent,,boundary,vertical,298.85,445.42,28.74,337.77,446.54,69.31,29,69,3267.0,partial,junction,0.0,1993.0,419.0,367.0,231.0,,0
1184,bent,,interior,vertical,298.29,485.86,69.57,338.07,486.07,108.93,70,109,3251.0,junction,junction,0.0,1984.0,349.0,285.0,234.0,,0
1207,bent,,interior,vertical,454.29,445.79,109.29,414.93,445.57,70.0,70,109,3231.0,junction,junction,0.0,1971.0,349.0,232.0,320.0,,0
1219,bent,,boundary,vertical,415.85,524.46,69.92,411.0,487.0,20.0,20,70,3637.0,junction,junction,0.0,2219.0,435.0,260.0,335.0,,0
1225,bent,,boundary,vertical,454.5,518.5,22.5,454.8,484.87,69.87,22,70,3375.0,junction,junction,0.0,2059.0,435.0,285.0,272.0,,0
1273,bent,,boundary,vertical,611.6,517.4,21.6,610.64,482.64,70.86,22,71,3503.0,junction,junction,0.0,2137.0,435.0,260.0,618.0,,0
1279,bent,,interior,vertical,688.0,442.08,110.17,649.15,443.08,70.31,70,110,3234.0,junction,junction,0.0,1973.0,349.0,329.0,236.0,,0
1281,bent,,boundary,vertical,610.64,482.64,70.86,648.97,474.83,20.83,21,71,3689.0,junction,junction,0.0,2251.0,435.0,385.0,396.0,,0
1284,bent,,boundary,vertical,687.5,481.0,71.5,648.97,474.83,20.83,21,72,3716.0,junction,junction,0.0,2267.0,435.0,419.0,269.0,,0
1305,bent,,boundary,vertical,756.46,439.62,25.62,727.23,441.38,70.77,26,71,3126.0,junction,junction,0.0,1908.0,403.0,201.0,1030.0,,0
1352,bent,,boundary,vertical,144.75,524.25,22.25,182.0,525.43,69.07,22,69,3477.0,junction,junction,0.0,2121.0,479.0,385.0,272.0,,0
1360,bent,,boundary,vertical,220.77,564.31,69.77,184.0,562.4,22.12,22,70,3498.0,junction,junction,0.0,2135.0,435.0,329.0,389.0,,0
1381,bent,,boundary,vertical,220.77,564.31,69.77,262.6,561.23,20.22,20,70,3772.0,junction,junction,0.0,2302.0,435.0,349.0,238.0,,0
1408,bent,,boundary,vertical,377.36,563.93,69.36,338.5,560.5,25.0,25,69,3432.0,junction,junction,0.0,2094.0,493.0,479.0,288.0,,0
1420,bent,,boundary,vertical,375.5,514.83,19.17,377.36,563.93,69.36,19,69,4081.0,junction,junction,0.0,2490.0,479.0,403.0,618.0,,0
1424,bent,,boundary,vertical,375.5,514.83,19.17,415.85,524.46,69.92,19,70,3808.0,junction,junction,0.0,2324.0,479.0,285.0,348.0,,0
1444,bent,,boundary,vertical,454.5,518.5,22.5,455.08,563.15,70.23,22,70,3798.0,junction,junction,0.0,2317.0,435.0,367.0,243.0,,0
1448,bent,,boundary,vertical,454.5,518.5,22.5,494.45,523.91,70.64,22,71,3648.0,junction,junction,0.0,2226.0,493.0,435.0,252.0,,0
1453,bent,,boundary,vertical,455.08,563.15,70.23,493.5,561.0,19.7,20,70,3690.0,junction,junction,0.0,2252.0,479.0,329.0,272.0,,0
1459,bent,,boundary,vertical,494.45,523.91,70.64,493.5,561.0,19.7,20,71,3661.0,junction,junction,0.0,2234.0,465.0,385.0,286.0,,0
1463,bent,,boundary,vertical,494.43,602.5,69.29,493.5,561.0,19.7,20,69,3757.0,junction,junction,0.0,2293.0,435.0,329.0,253.0,,0
1464,bent,,boundary,flat,533.56,521.81,21.41,572.75,563.5,23.25,21,23,3326.0,junction,junction,0.0,2029.0,1992.0,1877.0,658.0,,0
1472,bent,,boundary,vertical,533.56,521.81,21.41,571.92,523.08,71.23,21,71,3654.0,junction,junction,0.0,2230.0,493.0,435.0,2137.0,,0
1496,bent,,boundary,vertical,611.6,517.4,21.6,649.73,521.18,70.27,22,70,3599.0,junction,junction,0.0,2196.0,479.0,419.0,624.0,,0
1504,bent,,boundary,vertical,690.0,560.08,70.83,645.89,561.67,22.89,23,71,3786.0,junction,junction,0.0,2310.0,479.0,435.0,358.0,,0
1507,bent,,boundary,vertical,649.73,521.18,70.27,645.89,561.67,22.89,23,70,3628.0,junction,junction,0.0,2214.0,435.0,385.0,326.0,,0
1517,bent,,boundary,vertical,685.67,597.0,24.67,690.0,560.08,70.83,25,71,3444.0,junction,junction,0.0,2101.0,385.0,349.0,264.0,,0
1520,bent,,boundary,vertical,758.11,520.78,25.89,764.22,558.67,70.44,26,70,3417.0,junction,junction,0.0,2085.0,329.0,232.0,295.0,,0
1521,bent,,boundary,vertical,764.0,596.5,32.5,764.22,558.67,70.44,32,70,3113.0,junction,junction,0.0,1900.0,349.0,329.0,221.0,,0
1532,bent,,boundary,vertical,764.22,558.67,70.44,724.0,558.67,27.0,27,70,3440.0,junction,junction,0.0,2099.0,403.0,385.0,235.0,,0
1616,bent,,boundary,vertical,301.75,600.0,23.0,299.14,643.43,69.29,23,69,3691.0,junction,junction,0.0,2252.0,465.0,385.0,283.0,,0
1718,bent,,interior,vertical,611.45,600.91,109.36,650.38,599.54,70.69,71,109,3189.0,junction,junction,0.0,1946.0,329.0,260.0,243.0,,0
1744,bent,,boundary,vertical,685.67,597.0,24.67,735.3,598.4,76.5,25,76,4170.0,junction,junction,0.0,2545.0,435.0,403.0,228.0,,0
1908,bent,,boundary,vertical,456.38,679.62,28.5,495.21,681.21,69.79,28,70,3295.0,junction,junction,0.0,2010.0,435.0,419.0,216.0,,0
2021,bent,,boundary,vertical,65.06,130.56,106.0,64.78,92.0,145.89,106,146,3223.0,junction,junction,0.0,1967.0,285.0,232.0,237.0,,0
2051,bent,,boundary,vertical,222.97,52.12,179.94,179.75,55.62,145.94,146,180,3201.0,junction,junction,0.0,1953.0,329.0,260.0,236.0,,0
2097,bent,,boundary,vertical,374.0,54.67,108.0,334.75,54.58,147.5,108,148,3235.0,junction,junction,0.0,1974.0,285.0,232.0,349.0,,0
2122,bent,,boundary,vertical,373.55,54.82,186.18,412.0,54.38,147.88,148,186,3154.0,junction,junction,0.0,1924.0,285.0,260.0,218.0,,0
2146,bent,,boundary,vertical,452.2,54.4,187.0,490.43,53.57,147.86,148,187,3179.0,junction,junction,0.0,1940.0,329.0,260.0,234.0,,0
2169,bent,,boundary,vertical,611.61,49.33,106.22,568.0,52.83,148.17,106,148,3521.0,junction,junction,0.0,2149.0,329.0,329.0,216.0,,0
2194,bent,,boundary,vertical,607.58,52.33,187.17,646.38,53.12,148.12,148,187,3198.0,junction,junction,0.0,1951.0,329.0,260.0,317.0,,0
2295,bent,,interior,vertical,295.67,132.0,186.33,257.23,131.38,147.77,148,186,3164.0,junction,junction,0.0,1930.0,329.0,260.0,233.0,,0
2364,bent,,interior,vertical,452.31,130.38,108.92,490.83,129.83,148.5,109,148,3209.0,junction,junction,0.0,1958.0,329.0,260.0,304.0,,0
2412,bent,,interior,vertical,608.47,129.73,108.87,646.82,129.06,149.12,109,149,3231.0,junction,junction,0.0,1971.0,329.0,232.0,330.0,,0
2517,bent,,interior,vertical,219.56,249.89,148.11,258.62,249.62,108.77,109,148,3221.0,junction,junction,0.0,1965.0,329.0,232.0,408.0,,0
2522,bent,,interior,vertical,298.09,249.77,148.82,258.21,248.93,186.57,149,187,3191.0,junction,junction,0.0,1947.0,285.0,260.0,306.0,,0
2561,bent,,interior,vertical,452.73,210.6,108.08,414.7,209.35,147.05,108,147,3164.0,junction,junction,0.0,1931.0,329.0,260.0,236.0,,0
2570,bent,,interior,vertical,453.0,249.15,148.54,414.11,249.11,187.22,149,187,3187.0,junction,junction,0.0,1945.0,329.0,260.0,233.0,,0
2613,bent,,interior,vertical,531.0,248.25,148.67,569.75,247.58,109.67,110,149,3194.0,junction,junction,0.0,1949.0,329.0,232.0,236.0,,0
2633,bent,,interior,vertical,686.08,206.08,109.75,647.7,207.6,148.15,110,148,3156.0,junction,junction,0.0,1926.0,329.0,260.0,255.0,,0
2809,bent,,interior,vertical,453.33,327.17,148.33,492.18,327.27,109.36,109,148,3197.0,junction,junction,0.0,1951.0,329.0,260.0,303.0,,0
2888,bent,,boundary,vertical,762.36,322.07,148.64,726.64,323.45,110.0,110,149,3058.0,junction,junction,0.0,1866.0,349.0,260.0,364.0,,0
3199,bent,,interior,vertical,376.33,445.33,187.5,337.0,445.77,147.69,148,188,3252.0,junction,junction,0.0,1984.0,285.0,232.0,312.0,,0
3295,bent,,interior,vertical,688.14,442.57,188.14,649.62,443.23,149.38,149,188,3175.0,junction,junction,0.0,1938.0,329.0,260.0,259.0,,0
3572,bent,,interior,vertical,142.8,643.1,147.3,104.17,642.5,107.58,108,147,3219.0,junction,junction,0.0,1964.0,329.0,232.0,351.0,,0
3638,bent,,interior,vertical,299.64,603.09,186.05,338.33,603.4,147.47,147,186,3175.0,junction,junction,0.0,1937.0,329.0,260.0,247.0,,0
3882,bent,,interior,vertical,378.08,721.08,147.69,339.09,721.36,186.55,148,187,3198.0,junction,junction,0.0,1951.0,260.0,260.0,246.0,,0
3904,bent,,interior,vertical,378.08,721.08,147.69,417.11,720.89,186.89,148,187,3214.0,junction,junction,0.0,1961.0,285.0,232.0,256.0,,0
4064,bent,,boundary,vertical,139.43,55.14,185.0,177.31,55.62,225.94,185,226,3241.0,junction,junction,0.0,1977.0,329.0,285.0,233.0,,0
4065,bent,,boundary,vertical,222.97,52.12,179.94,177.31,55.62,225.94,180,226,3771.0,junction,junction,0.0,2301.0,285.0,260.0,234.0,,0
4089,bent,,boundary,vertical,295.36,55.36,187.0,256.9,54.0,224.2,187,224,3110.0,junction,junction,0.0,1898.0,285.0,232.0,252.0,,0
4113,bent,,boundary,vertical,373.55,54.82,186.18,334.1,55.0,225.5,186,226,3236.0,junction,junction,0.0,1974.0,285.0,260.0,291.0,,0
4162,bent,,boundary,vertical,456.5,48.71,270.93,489.9,53.3,225.4,225,271,3291.0,junction,junction,0.0,2008.0,329.0,285.0,234.0,,0
4209,bent,,boundary,vertical,685.62,52.88,186.12,646.5,52.12,226.12,186,226,3251.0,junction,junction,0.0,1984.0,329.0,260.0,243.0,,0
4238,bent,,boundary,vertical,685.64,52.14,266.86,724.89,52.33,226.22,226,267,3282.0,junction,junction,0.0,2003.0,285.0,285.0,253.0,,0
4239,bent,,boundary,vertical,760.75,51.75,265.75,724.89,52.33,226.22,226,266,3101.0,junction,junction,0.0,1892.0,285.0,260.0,223.0,,0
4371,bent,,interior,vertical,413.88,209.74,225.75,419.19,169.81,178.78,179,226,3595.0,partial,junction,0.0,2194.0,260.0,232.0,222.0,,0
4385,bent,,interior,vertical,452.14,170.0,226.36,491.65,169.53,187.35,187,226,3226.0,junction,junction,0.0,1968.0,329.0,232.0,291.0,,0
4431,bent,,interior,vertical,686.06,128.0,266.35,647.39,127.83,228.56,229,266,3142.0,junction,junction,0.0,1917.0,329.0,260.0,291.0,,0
4610,bent,,interior,vertical,530.46,247.54,227.31,492.1,247.6,265.8,227,266,3157.0,junction,junction,0.0,1927.0,285.0,232.0,363.0,,0
4650,bent,,interior,vertical,608.6,207.6,266.5,647.8,206.4,226.7,227,266,3246.0,junction,junction,0.0,1981.0,329.0,232.0,278.0,,0
4676,bent,,interior,vertical,686.2,207.7,187.9,725.38,206.88,227.0,188,227,3216.0,junction,junction,0.0,1962.0,329.0,232.0,349.0,,0
4708,bent,,interior,vertical,142.0,328.42,225.58,103.13,328.13,185.53,186,226,3243.0,junction,junction,0.0,1978.0,329.0,285.0,246.0,,0
4824,bent,,interior,vertical,453.69,327.08,226.46,491.9,327.1,266.0,226,266,3195.0,junction,junction,0.0,1949.0,349.0,285.0,306.0,,0
4939,bent,,interior,flat,135.06,447.67,192.33,181.55,407.05,185.63,186,192,3608.0,junction,partial,0.0,2201.0,232.0,201.0,234.0,,0
4978,bent,,interior,vertical,292.56,402.56,220.0,259.38,406.69,265.08,220,265,3261.0,junction,junction,0.0,1990.0,329.0,260.0,234.0,,0
5024,bent,,interior,vertical,454.18,405.45,226.36,415.09,406.55,187.73,188,226,3194.0,junction,junction,0.0,1949.0,349.0,260.0,236.0,,0
5142,bent,,boundary,vertical,66.83,445.08,263.58,94.81,442.96,216.67,217,264,3176.0,junction,junction,0.0,1938.0,329.0,260.0,234.0,,0
5284,bent,,interior,vertical,532.14,444.64,187.57,570.9,444.6,226.9,188,227,3208.0,junction,junction,0.0,1957.0,329.0,285.0,246.0,,0
5412,bent,,interior,vertical,220.67,564.22,225.33,259.92,564.5,264.92,225,265,3239.0,junction,junction,0.0,1976.0,329.0,260.0,258.0,,0
5556,bent,,interior,vertical,688.6,521.13,187.87,727.5,520.43,228.14,188,228,3254.0,junction,junction,0.0,1985.0,329.0,260.0,273.0,,0
5662,bent,,interior,vertical,377.23,642.92,226.54,338.0,642.0,265.18,227,265,3200.0,junction,junction,0.0,1952.0,285.0,232.0,233.0,,0
6082,bent,,boundary,vertical,138.5,56.25,342.0,177.25,55.25,303.25,303,342,3184.0,junction,junction,0.0,1943.0,285.0,260.0,215.0,,0
6088,bent,,interior,vertical,217.15,93.08,303.62,178.33,93.25,264.67,265,304,3195.0,junction,junction,0.0,1949.0,329.0,232.0,290.0,,0
6131,bent,,boundary,vertical,377.0,55.87,344.0,334.43,53.71,303.43,303,344,3419.0,junction,junction,0.0,2086.0,285.0,201.0,291.0,,0
6252,bent,,boundary,vertical,685.64,52.14,266.86,724.33,51.75,307.83,267,308,3274.0,junction,junction,0.0,1998.0,285.0,232.0,215.0,,0
6334,bent,,interior,vertical,296.07,170.33,304.27,257.09,170.73,343.64,304,344,3219.0,junction,junction,0.0,1964.0,260.0,201.0,350.0,,0
6358,bent,,interior,vertical,365.94,168.03,296.21,334.6,170.7,344.2,296,344,3334.0,junction,junction,0.0,2034.0,260.0,260.0,337.0,,0
6473,bent,,boundary,vertical,761.7,127.6,265.8,725.2,127.2,304.9,266,305,3108.0,junction,junction,0.0,1896.0,285.0,260.0,306.0,,0
6815,bent,,interior,vertical,453.27,287.73,344.36,413.17,288.95,303.45,303,344,3329.0,junction,junction,0.0,2031.0,329.0,201.0,234.0,,0
6840,bent,,interior,vertical,453.3,327.2,304.8,492.25,326.45,345.5,305,346,3273.0,junction,junction,0.0,1997.0,329.0,260.0,236.0,,0
6916,bent,,interior,vertical,687.18,324.73,305.73,727.06,323.28,345.67,306,346,3280.0,junction,junction,0.0,2001.0,329.0,232.0,422.0,,0
6937,bent,,interior,vertical,141.89,367.44,264.89,102.64,367.5,304.29,265,304,3231.0,junction,junction,0.0,1971.0,329.0,232.0,338.0,,0
6986,bent,,interior,vertical,219.33,367.47,343.07,258.3,367.4,304.0,304,343,3206.0,junction,junction,0.0,1956.0,285.0,260.0,287.0,,0
6987,bent,,interior,vertical,297.33,368.0,343.6,258.3,367.4,304.0,304,344,3231.0,junction,junction,0.0,1971.0,285.0,232.0,233.0,,0
7280,bent,,interior,vertical,454.67,484.78,304.89,493.45,484.82,343.64,305,344,3185.0,junction,junction,0.0,1944.0,329.0,232.0,351.0,,0
7304,bent,,interior,vertical,538.32,482.93,311.52,570.88,483.38,344.75,312,345,2703.0,junction,junction,0.0,1649.0,329.0,285.0,294.0,,0
7480,bent,,interior,vertical,454.86,563.0,305.43,415.89,563.22,265.89,266,305,3225.0,junction,junction,0.0,1968.0,329.0,201.0,351.0,,0
7745,bent,,interior,vertical,534.0,640.83,305.17,572.73,641.27,266.09,266,305,3197.0,junction,junction,0.0,1950.0,329.0,260.0,248.0,,0
7750,bent,,interior,vertical,611.85,640.62,305.77,572.27,640.73,344.73,306,345,3226.0,junction,junction,0.0,1969.0,329.0,232.0,309.0,,0
8070,bent,,boundary,vertical,63.89,132.89,421.33,60.6,88.8,384.7,385,421,3336.0,junction,junction,0.0,2035.0,260.0,232.0,223.0,,0
8073,bent,,boundary,vertical,138.5,56.25,342.0,98.88,56.0,381.5,342,382,3251.0,junction,junction,0.0,1983.0,260.0,260.0,213.0,,0
8149,bent,,interior,vertical,300.22,82.06,380.72,344.42,86.95,335.05,335,381,3704.0,junction,junction,0.0,2260.0,285.0,201.0,233.0,,0
8218,bent,,boundary,vertical,530.11,53.78,423.44,569.0,52.88,384.12,384,423,3214.0,junction,junction,0.0,1961.0,285.0,232.0,216.0,,0
8242,bent,,boundary,vertical,607.17,53.0,422.83,647.5,51.9,384.4,384,423,3238.0,junction,junction,0.0,1975.0,285.0,232.0,285.0,,0
8269,bent,,boundary,vertical,761.0,50.67,345.67,725.18,51.45,384.55,346,385,3072.0,junction,junction,0.0,1874.0,260.0,201.0,215.0,,0
8319,bent,,interior,vertical,217.86,132.71,423.14,178.25,132.88,382.5,382,423,3297.0,junction,junction,0.0,2012.0,329.0,260.0,249.0,,0
8546,bent,,interior,vertical,217.92,249.33,382.75,179.5,249.42,421.58,383,422,3174.0,junction,junction,0.0,1936.0,260.0,232.0,290.0,,0
8616,bent,,interior,vertical,452.08,248.42,383.17,413.15,248.85,344.0,344,383,3209.0,junction,junction,0.0,1958.0,329.0,260.0,388.0,,0
8659,bent,,interior,vertical,608.27,207.73,423.4,573.92,205.42,379.62,380,423,3236.0,junction,junction,0.0,1974.0,329.0,260.0,308.0,,0
8852,bent,,interior,vertical,453.27,287.73,344.36,491.43,287.71,383.29,344,383,3167.0,junction,junction,0.0,1932.0,329.0,201.0,337.0,,0
8953,bent,,interior,vertical,141.42,367.33,343.0,102.14,366.71,381.86,343,382,3210.0,junction,junction,0.0,1959.0,329.0,232.0,291.0,,0
9080,bent,,interior,vertical,531.33,405.07,383.6,492.46,405.54,343.92,344,384,3227.0,junction,junction,0.0,1969.0,329.0,232.0,253.0,,0
9320,bent,,interior,vertical,538.67,485.47,392.17,572.0,484.44,423.12,392,423,2644.0,junction,junction,0.0,1613.0,329.0,260.0,297.0,,0
9444,bent,,interior,vertical,216.69,565.19,388.89,259.7,563.9,421.5,389,422,3137.0,junction,junction,0.0,1914.0,329.0,260.0,268.0,,0
9450,bent,,interior,vertical,298.42,563.83,382.33,259.7,563.9,421.5,382,422,3200.0,junction,junction,0.0,1952.0,329.0,201.0,291.0,,0
9498,bent,,interior,vertical,454.5,563.25,382.92,414.9,563.5,422.7,383,423,3261.0,junction,junction,0.0,1990.0,349.0,260.0,232.0,,0
9711,bent,,interior,vertical,454.73,601.82,422.55,420.98,600.63,377.06,377,423,3291.0,junction,junction,0.0,2008.0,329.0,260.0,214.0,,0
10088,bent,,boundary,vertical,63.25,55.25,421.75,99.33,56.33,460.07,422,460,3059.0,junction,junction,0.0,1866.0,285.0,232.0,302.0,,0
10184,bent,,boundary,vertical,372.88,54.38,423.0,412.18,54.36,462.09,423,462,3221.0,junction,junction,0.0,1965.0,329.0,260.0,232.0,,0
10185,bent,,boundary,vertical,451.0,53.14,422.0,412.18,54.36,462.09,422,462,3243.0,junction,junction,0.0,1979.0,329.0,232.0,223.0,,0
10208,bent,,boundary,vertical,451.0,53.14,422.0,490.56,53.67,462.56,422,463,3292.0,junction,junction,0.0,2008.0,285.0,260.0,232.0,,0
10234,bent,,boundary,vertical,529.11,53.33,502.22,568.27,53.36,462.82,463,502,3228.0,junction,junction,0.0,1969.0,260.0,201.0,234.0,,0
10257,bent,,boundary,vertical,685.63,52.7,422.97,646.9,52.7,462.3,423,462,3207.0,junction,junction,0.0,1957.0,285.0,201.0,506.0,,0
10259,bent,,boundary,vertical,685.5,52.33,501.83,646.9,52.7,462.3,462,502,3210.0,junction,junction,0.0,1959.0,329.0,260.0,291.0,,0
10433,bent,,interior,vertical,452.17,169.83,462.33,491.07,169.21,423.14,423,462,3209.0,junction,junction,0.0,1958.0,329.0,232.0,366.0,,0
10577,bent,,interior,vertical,296.42,210.42,422.75,256.83,211.0,461.5,423,462,3219.0,junction,junction,0.0,1964.0,329.0,260.0,219.0,,0
10634,bent,,interior,vertical,460.79,247.96,455.99,413.62,249.0,500.85,456,501,3783.0,junction,junction,0.0,2308.0,329.0,201.0,290.0,,0
10651,bent,,interior,vertical,530.31,208.92,501.77,491.5,209.5,462.3,462,502,3216.0,junction,junction,0.0,1962.0,329.0,201.0,425.0,,0
10674,bent,,interior,vertical,530.31,208.92,501.77,568.67,208.58,462.17,462,502,3203.0,junction,junction,0.0,1955.0,285.0,260.0,236.0,,0
10897,bent,,interior,vertical,530.91,326.82,461.82,570.08,326.42,423.0,423,462,3204.0,junction,junction,0.0,1955.0,329.0,232.0,234.0,,0
10947,bent,,boundary,vertical,762.12,284.25,502.12,725.25,284.75,463.17,463,502,3117.0,junction,junction,0.0,1902.0,285.0,232.0,260.0,,0
10969,bent,,interior,vertical,141.83,367.33,421.42,101.73,367.55,459.82,421,460,3226.0,junction,junction,0.0,1968.0,285.0,232.0,349.0,,0
11041,bent,,interior,vertical,375.31,367.15,422.23,336.45,366.55,461.09,422,461,3193.0,junction,junction,0.0,1948.0,329.0,260.0,236.0,,0
11237,bent,,interior,vertical,298.5,446.3,422.0,258.54,446.08,461.0,422,461,3244.0,junction,junction,0.0,1980.0,329.0,260.0,349.0,,0
11360,bent,,interior,vertical,609.93,483.29,462.64,648.93,482.93,501.79,463,502,3210.0,junction,junction,0.0,1959.0,329.0,260.0,293.0,,0
11490,bent,,interior,vertical,375.64,564.36,460.43,337.5,563.67,500.25,460,500,3204.0,junction,junction,0.0,1955.0,329.0,201.0,254.0,,0
11710,bent,,interior,vertical,377.14,642.29,461.79,337.75,643.12,500.69,462,501,3217.0,junction,junction,0.0,1963.0,329.0,260.0,243.0,,0
11801,bent,,interior,vertical,610.71,639.43,462.52,649.85,638.97,423.31,423,463,3219.0,partial,partial,0.0,1964.0,285.0,232.0,267.0,,0
11904,bent,,interior,vertical,220.86,683.29,421.86,259.83,682.58,461.17,422,461,3216.0,junction,junction,0.0,1963.0,329.0,260.0,234.0,,0
12028,bent,,interior,vertical,611.38,720.5,463.0,572.18,721.45,423.36,423,463,3239.0,junction,junction,0.0,1976.0,329.0,260.0,351.0,,0
12129,bent,,boundary,vertical,216.67,55.11,499.89,177.0,56.17,540.17,500,540,3285.0,junction,junction,0.0,2004.0,329.0,285.0,217.0,,0
12155,bent,,boundary,vertical,294.57,55.43,578.71,255.57,55.14,539.86,540,579,3199.0,junction,junction,0.0,1952.0,285.0,232.0,232.0,,0
12177,bent,,boundary,vertical,372.5,54.67,500.33,334.7,56.0,539.8,500,540,3176.0,junction,junction,0.0,1938.0,329.0,260.0,242.0,,0
12497,bent,,interior,vertical,607.89,169.11,542.33,647.11,168.56,502.44,502,542,3250.0,junction,junction,0.0,1983.0,285.0,201.0,297.0,,0
12521,bent,,boundary,vertical,760.83,126.33,503.0,724.55,128.18,541.82,503,542,3089.0,junction,junction,0.0,1885.0,260.0,260.0,220.0,,0
12549,bent,,boundary,vertical,64.4,248.6,538.0,101.21,249.14,499.86,500,538,3080.0,junction,junction,0.0,1879.0,260.0,260.0,215.0,,0
12644,bent,,interior,vertical,373.69,249.92,539.31,414.17,249.35,578.33,539,578,3267.0,junction,junction,0.0,1993.0,285.0,232.0,375.0,,0
12674,bent,,interior,vertical,530.64,247.91,540.45,491.75,248.83,579.17,540,579,3188.0,junction,junction,0.0,1945.0,329.0,260.0,216.0,,0
12712,bent,,interior,vertical,608.2,208.67,502.07,647.42,208.42,540.92,502,541,3207.0,junction,junction,0.0,1957.0,329.0,285.0,227.0,,0
12722,bent,,interior,vertical,686.13,246.07,541.0,647.0,247.0,580.82,541,581,3244.0,junction,junction,0.0,1979.0,329.0,260.0,214.0,,0
12740,bent,,interior,vertical,686.56,208.0,501.56,725.0,206.8,541.2,502,541,3209.0,junction,junction,0.0,1958.0,329.0,260.0,234.0,,0
12765,bent,,interior,vertical,140.9,289.3,499.5,102.0,289.42,538.92,500,539,3218.0,junction,junction,0.0,1963.0,285.0,201.0,236.0,,0
12837,bent,,interior,vertical,374.46,289.08,500.08,335.5,289.75,539.5,500,540,3221.0,junction,junction,0.0,1965.0,329.0,260.0,216.0,,0
12861,bent,,interior,vertical,452.38,287.85,500.85,412.11,290.15,541.52,501,542,3328.0,junction,junction,0.0,2031.0,329.0,201.0,333.0,,0
13037,bent,,interior,vertical,212.18,405.27,531.33,258.18,407.0,500.09,500,531,3232.0,junction,junction,0.0,1972.0,285.0,260.0,233.0,,0
13039,bent,,interior,flat,212.18,405.27,531.33,258.54,367.53,539.65,531,540,3507.0,junction,partial,0.0,2140.0,232.0,201.0,329.0,,0
13209,bent,,boundary,vertical,66.1,484.4,538.0,103.15,485.62,499.69,500,538,3097.0,junction,junction,0.0,1890.0,285.0,260.0,360.0,,0
13214,bent,,interior,vertical,141.19,485.19,538.0,102.94,485.56,578.38,538,578,3231.0,junction,junction,0.0,1972.0,329.0,260.0,220.0,,0
13236,bent,,interior,vertical,219.91,485.82,539.36,180.59,485.88,500.0,500,539,3233.0,junction,junction,0.0,1972.0,329.0,260.0,250.0,,0
13449,bent,,interior,vertical,219.67,524.58,500.08,181.38,524.62,538.88,500,539,3167.0,junction,junction,0.0,1932.0,285.0,232.0,236.0,,0
14074,bent,,interior,vertical,689.93,719.86,540.71,651.85,719.0,578.55,541,579,3119.0,junction,junction,0.0,1903.0,285.0,260.0,254.0,,0
14104,bent,,boundary,vertical,764.92,719.67,541.92,729.0,719.33,502.25,502,542,3109.0,junction,junction,0.0,1897.0,285.0,201.0,385.0,,0
14194,bent,,boundary,vertical,294.33,55.67,656.89,333.85,54.92,618.92,619,657,3184.0,junction,junction,0.0,1943.0,329.0,285.0,222.0,,0
14242,bent,,boundary,vertical,451.29,55.29,658.43,490.44,54.22,619.67,620,658,3202.0,junction,junction,0.0,1954.0,285.0,285.0,216.0,,0
14594,bent,,interior,vertical,218.25,250.38,617.5,178.86,251.14,657.0,618,657,3241.0,junction,junction,0.0,1978.0,285.0,260.0,274.0,,0
14634,bent,,interior,vertical,296.36,210.67,657.62,334.93,210.07,618.07,618,658,3210.0,partial,junction,0.0,1959.0,285.0,232.0,269.0,,0
14640,bent,,interior,vertical,374.36,249.27,618.0,335.27,250.36,577.18,577,618,3284.0,junction,junction,0.0,2004.0,329.0,232.0,292.0,,0
14758,bent,,interior,vertical,685.82,207.06,659.24,724.45,207.27,620.0,620,659,3199.0,junction,junction,0.0,1952.0,329.0,285.0,243.0,,0
14929,bent,,interior,vertical,530.73,327.82,618.55,570.22,326.33,579.22,579,619,3239.0,junction,junction,0.0,1976.0,329.0,201.0,263.0,,0
14948,bent,,interior,vertical,608.4,287.2,580.13,646.5,286.62,619.38,580,619,3178.0,junction,junction,0.0,1939.0,329.0,260.0,255.0,,0
15004,bent,,boundary,vertical,66.11,406.89,617.33,102.9,407.2,656.0,617,656,3101.0,junction,junction,0.0,1892.0,329.0,260.0,241.0,,0
15074,bent,,interior,vertical,297.18,368.0,656.73,336.21,367.1,618.42,618,657,3178.0,junction,partial,0.0,1939.0,285.0,260.0,281.0,,0
15570,bent,,interior,vertical,532.2,562.6,618.0,493.6,562.9,657.9,618,658,3225.0,junction,junction,0.0,1968.0,285.0,232.0,291.0,,0
15689,bent,,interior,vertical,142.06,643.75,617.25,181.55,644.18,578.09,578,617,3231.0,junction,junction,0.0,1971.0,260.0,201.0,307.0,,0
15759,bent,,interior,vertical,454.69,603.31,657.0,415.36,603.36,618.14,618,657,3212.0,junction,junction,0.0,1960.0,329.0,232.0,293.0,,0
15894,bent,,boundary,vertical,142.25,723.08,617.42,103.19,723.31,655.38,617,655,3165.0,junction,junction,0.0,1931.0,329.0,260.0,233.0,,0
16051,bent,,interior,vertical,611.57,680.57,658.43,572.44,681.11,618.33,618,658,3255.0,junction,junction,0.0,1986.0,329.0,232.0,291.0,,0
16103,bent,,boundary,vertical,688.52,678.44,659.2,684.21,725.61,619.61,620,659,3587.0,partial,junction,0.0,2189.0,260.0,232.0,245.0,,0
16133,bent,,boundary,flat,62.33,56.67,732.33,101.83,96.17,738.33,732,738,3264.0,junction,junction,0.0,1992.0,593.0,435.0,421.0,,0
16170,bent,,boundary,vertical,138.0,56.5,733.0,177.67,56.22,696.67,697,733,3125.0,junction,junction,0.0,1907.0,329.0,285.0,271.0,,0
16201,bent,,interior,vertical,217.22,93.11,696.22,256.6,93.1,657.1,657,696,3225.0,junction,junction,0.0,1968.0,329.0,201.0,233.0,,0
16253,bent,,boundary,vertical,451.29,55.29,658.43,412.0,54.71,697.43,658,697,3216.0,junction,junction,0.0,1963.0,260.0,201.0,268.0,,0
16254,bent,,boundary,vertical,373.0,56.25,734.0,412.0,54.71,697.43,697,734,3108.0,junction,junction,0.0,1896.0,329.0,232.0,250.0,,0
16283,bent,,boundary,vertical,529.0,55.2,735.0,490.25,55.58,698.42,698,735,3096.0,junction,junction,0.0,1889.0,329.0,285.0,233.0,,0
16310,bent,,boundary,vertical,529.0,55.2,735.0,567.88,54.0,697.62,698,735,3134.0,junction,junction,0.0,1912.0,329.0,285.0,278.0,,0
16311,bent,,boundary,vertical,608.0,53.2,736.0,567.88,54.0,697.62,698,736,3226.0,junction,junction,0.0,1968.0,329.0,329.0,213.0,,0
16358,bent,,boundary,flat,761.67,51.33,735.33,723.08,89.0,742.92,735,743,3164.0,junction,junction,0.0,1930.0,569.0,435.0,497.0,,0
16395,bent,,boundary,vertical,67.5,132.0,738.5,64.22,171.56,695.89,696,738,3383.0,junction,junction,0.0,2064.0,285.0,260.0,478.0,,0
16400,bent,,boundary,vertical,64.22,171.56,695.89,113.0,172.67,742.33,696,742,3914.0,junction,junction,0.0,2388.0,349.0,329.0,588.0,,0
16559,bent,,boundary,flat,602.33,209.67,745.08,568.25,169.12,735.38,735,745,3129.0,junction,junction,0.0,1909.0,788.0,668.0,439.0,,0
16566,bent,,boundary,vertical,530.4,129.5,735.0,568.5,129.8,697.9,698,735,3090.0,junction,junction,0.0,1885.0,329.0,285.0,273.0,,0
16624,bent,,interior,vertical,687.19,127.94,660.62,724.57,128.64,699.57,661,700,3137.0,junction,junction,0.0,1914.0,329.0,232.0,254.0,,0
16656,bent,,boundary,vertical,65.27,248.91,696.18,110.56,251.39,745.56,696,746,3895.0,junction,junction,0.0,2377.0,403.0,329.0,240.0,,0
16678,bent,,boundary,vertical,140.5,286.17,744.83,140.55,250.27,695.82,696,745,3530.0,junction,junction,0.0,2154.0,349.0,260.0,339.0,,0
16735,bent,,boundary,vertical,301.47,210.59,741.19,296.18,250.45,696.45,696,741,3495.0,junction,junction,0.0,2132.0,367.0,349.0,428.0,,0
16750,bent,,boundary,vertical,335.29,290.0,695.93,339.56,255.58,739.1,696,739,3217.0,junction,junction,0.0,1963.0,349.0,329.0,386.0,,0
16794,bent,,boundary,vertical,451.6,209.6,735.8,491.0,210.3,697.3,697,736,3201.0,junction,junction,0.0,1953.0,367.0,329.0,252.0,,0
16911,bent,,boundary,vertical,140.5,286.17,744.83,101.55,289.18,695.55,696,745,3654.0,junction,junction,0.0,2230.0,403.0,201.0,415.0,,0
16946,bent,,boundary,vertical,219.12,328.88,695.62,171.63,320.83,732.73,696,733,3533.0,junction,junction,0.0,2156.0,403.0,285.0,217.0,,0
16950,bent,,boundary,vertical,180.42,368.5,695.58,171.63,320.83,732.73,696,733,3548.0,junction,junction,0.0,2165.0,385.0,232.0,238.0,,0
16966,bent,,boundary,vertical,220.87,293.53,739.6,257.83,290.17,696.33,696,740,3312.0,junction,junction,0.0,2021.0,403.0,329.0,354.0,,0
17024,bent,,boundary,vertical,374.87,328.93,695.8,413.25,330.25,738.33,696,738,3330.0,junction,junction,0.0,2032.0,385.0,329.0,309.0,,0
17025,bent,,interior,vertical,374.87,328.93,695.8,414.08,328.54,657.15,657,696,3199.0,junction,junction,0.0,1952.0,329.0,285.0,238.0,,0
17058,bent,,boundary,vertical,530.58,327.17,696.75,493.68,325.18,742.82,697,743,3432.0,junction,junction,0.0,2094.0,349.0,260.0,352.0,,0
17108,bent,,boundary,vertical,614.2,327.69,702.46,649.0,326.0,736.0,702,736,2810.0,junction,junction,0.0,1714.0,329.0,232.0,299.0,,0
17167,bent,,boundary,vertical,140.38,371.38,742.5,102.23,367.77,695.69,696,742,3514.0,junction,junction,0.0,2144.0,403.0,260.0,233.0,,0
17168,bent,,boundary,vertical,66.22,406.22,695.33,102.74,407.77,735.66,695,736,3162.0,junction,partial,0.0,1929.0,385.0,285.0,218.0,,0
17191,bent,,boundary,vertical,140.38,371.38,742.5,141.67,407.67,695.33,695,742,3459.0,junction,junction,0.0,2110.0,385.0,329.0,290.0,,0
17194,bent,,boundary,vertical,140.38,371.38,742.5,180.42,368.5,695.58,696,742,3588.0,junction,junction,0.0,2189.0,385.0,349.0,299.0,,0
17195,bent,,boundary,vertical,215.89,358.61,739.78,180.42,368.5,695.58,696,740,3342.0,junction,junction,0.0,2039.0,403.0,260.0,1829.0,,0
17196,bent,,boundary,vertical,141.67,407.67,695.33,183.78,400.22,744.11,695,744,3769.0,junction,junction,0.0,2300.0,419.0,349.0,423.0,,0
17197,bent,,interior,vertical,141.67,407.67,695.33,180.15,407.54,656.08,656,695,3194.0,junction,junction,0.0,1949.0,285.0,260.0,236.0,,0
17230,bent,,boundary,vertical,297.78,407.33,696.0,259.5,407.0,743.25,696,743,3533.0,junction,junction,0.0,2156.0,419.0,201.0,451.0,,0
17233,bent,,boundary,vertical,258.0,368.25,695.42,259.5,407.0,743.25,695,743,3578.0,junction,junction,0.0,2183.0,385.0,329.0,393.0,,0
17234,bent,,boundary,vertical,259.23,447.08,695.54,259.5,407.0,743.25,696,743,3620.0,junction,junction,0.0,2209.0,385.0,349.0,439.0,,0
17290,bent,,boundary,vertical,414.78,445.46,703.83,415.96,398.74,743.56,704,744,3564.0,junction,junction,0.0,2174.0,385.0,349.0,213.0,,0
17306,bent,,boundary,vertical,453.14,362.76,743.0,492.46,367.77,696.62,697,743,3545.0,junction,junction,0.0,2163.0,419.0,367.0,322.0,,0
17342,bent,,boundary,vertical,610.1,404.4,698.1,569.33,406.33,740.67,698,741,3426.0,junction,junction,0.0,2091.0,403.0,329.0,373.0,,0
17364,bent,,boundary,vertical,610.1,404.4,698.1,648.0,404.75,736.0,698,736,3114.0,junction,junction,0.0,1900.0,349.0,260.0,247.0,,0
17397,bent,,interior,vertical,687.0,404.44,697.56,725.58,403.25,658.92,659,698,3173.0,junction,junction,0.0,1936.0,285.0,201.0,293.0,,0
17503,bent,,boundary,vertical,298.33,442.56,738.11,297.09,486.36,696.09,696,738,3528.0,junction,junction,0.0,2152.0,349.0,329.0,245.0,,0
17505,bent,,interior,vertical,375.69,446.38,656.92,336.83,447.0,695.92,657,696,3199.0,junction,junction,0.0,1952.0,329.0,232.0,240.0,,0
17507,bent,,boundary,vertical,376.0,444.75,740.5,336.83,447.0,695.92,696,740,3450.0,junction,junction,0.0,2105.0,419.0,367.0,228.0,,0
17531,bent,,boundary,vertical,376.0,444.75,740.5,375.64,485.91,695.64,696,740,3537.0,junction,junction,0.0,2158.0,367.0,285.0,222.0,,0
17532,bent,,interior,vertical,375.69,446.38,656.92,414.78,445.46,703.83,657,704,3548.0,junction,junction,0.0,2165.0,329.0,260.0,232.0,,0
17536,bent,,boundary,vertical,375.64,485.91,695.64,412.17,487.08,743.08,696,743,3480.0,junction,junction,0.0,2123.0,403.0,285.0,355.0,,0
17542,bent,,boundary,vertical,453.92,485.83,696.0,412.17,487.08,743.08,696,743,3657.0,junction,junction,0.0,2231.0,403.0,349.0,252.0,,0
17546,bent,,boundary,vertical,414.75,525.35,695.95,412.17,487.08,743.08,696,743,3531.0,junction,junction,0.0,2154.0,329.0,260.0,244.0,,0
17558,bent,,boundary,vertical,455.44,527.48,744.7,453.92,485.83,696.0,696,745,3724.0,junction,junction,0.0,2272.0,349.0,285.0,264.0,,0
17559,bent,,boundary,vertical,451.71,435.33,744.14,453.92,485.83,696.0,696,744,4056.0,junction,junction,0.0,2475.0,349.0,349.0,377.0,,0
17564,bent,,boundary,vertical,453.92,485.83,696.0,493.04,481.92,743.83,696,744,3598.0,junction,junction,0.0,2195.0,403.0,385.0,500.0,,0
17570,bent,,boundary,vertical,532.12,485.0,696.88,493.04,481.92,743.83,697,744,3554.0,junction,junction,0.0,2169.0,403.0,329.0,349.0,,0
17591,bent,,boundary,vertical,610.42,441.17,742.17,562.15,445.39,691.3,691,742,4081.0,junction,junction,0.0,2490.0,403.0,349.0,357.0,,0
17598,bent,,boundary,vertical,610.0,483.64,697.0,570.25,482.75,741.75,697,742,3478.0,junction,junction,0.0,2122.0,385.0,349.0,427.0,,0
17619,bent,,boundary,vertical,687.0,443.33,736.0,649.08,444.17,697.17,697,736,3154.0,junction,junction,0.0,1924.0,349.0,260.0,349.0,,0
17620,bent,,boundary,vertical,610.0,483.64,697.0,647.67,484.0,743.33,697,743,3469.0,junction,junction,0.0,2117.0,349.0,285.0,238.0,,0
17629,bent,,boundary,vertical,649.08,444.17,697.17,647.67,484.0,743.33,697,743,3544.0,junction,junction,0.0,2162.0,285.0,285.0,275.0,,0
17658,bent,,boundary,vertical,762.9,480.3,699.2,726.25,482.0,735.75,699,736,3009.0,junction,junction,0.0,1836.0,285.0,260.0,291.0,,0
17674,bent,,boundary,vertical,74.0,611.0,735.0,66.58,564.17,695.83,696,735,3573.0,junction,junction,0.0,2180.0,285.0,232.0,223.0,,0
17731,bent,,boundary,vertical,212.03,516.99,740.22,220.25,565.25,695.5,696,740,3852.0,junction,junction,0.0,2351.0,367.0,285.0,601.0,,0
17734,bent,,boundary,vertical,212.03,516.99,740.22,258.79,525.29,696.21,696,740,3761.0,junction,junction,0.0,2295.0,403.0,349.0,578.0,,0
17787,bent,,boundary,vertical,375.5,533.0,733.0,376.0,560.46,699.79,700,733,2504.0,junction,junction,0.0,1528.0,329.0,260.0,335.0,,0
17790,bent,,boundary,vertical,375.5,533.0,733.0,414.75,525.35,695.95,696,733,3167.0,junction,junction,0.0,1933.0,385.0,349.0,397.0,,0
17791,bent,,boundary,vertical,455.44,527.48,744.7,414.75,525.35,695.95,696,745,3692.0,junction,junction,0.0,2253.0,403.0,349.0,466.0,,0
17818,bent,,boundary,vertical,455.44,527.48,744.7,492.91,524.82,696.18,696,745,3565.0,junction,junction,0.0,2175.0,385.0,285.0,249.0,,0
17826,bent,,boundary,vertical,533.12,562.77,697.73,502.0,559.0,746.0,698,746,3344.0,junction,junction,0.0,2040.0,349.0,201.0,557.0,,0
17829,bent,,boundary,vertical,492.91,524.82,696.18,502.0,559.0,746.0,696,746,3550.0,junction,junction,0.0,2166.0,329.0,232.0,336.0,,0
17843,bent,,boundary,vertical,531.83,521.67,744.42,533.12,562.77,697.73,698,744,3615.0,junction,junction,0.0,2206.0,349.0,260.0,331.0,,0
17846,bent,,boundary,vertical,531.83,521.67,744.42,570.91,523.36,697.91,698,744,3531.0,junction,junction,0.0,2154.0,349.0,285.0,394.0,,0
17864,bent,,boundary,flat,612.9,593.95,745.9,649.67,562.33,737.83,738,746,2856.0,junction,junction,0.0,1743.0,1102.0,937.0,387.0,,0
17874,bent,,boundary,vertical,602.89,524.89,743.11,649.33,522.5,697.42,697,743,3788.0,junction,junction,0.0,2311.0,403.0,329.0,366.0,,0
17912,bent,,boundary,vertical,763.73,560.27,698.0,727.14,560.86,658.86,659,698,3113.0,junction,junction,0.0,1899.0,329.0,232.0,366.0,,0
17931,bent,,boundary,vertical,74.0,611.0,735.0,66.58,643.33,695.58,696,735,2993.0,junction,junction,0.0,1826.0,260.0,201.0,321.0,,0
17992,bent,,boundary,vertical,220.1,643.4,695.7,251.33,637.33,734.33,696,734,2908.0,junction,junction,0.0,1774.0,329.0,260.0,283.0,,0
18001,bent,,boundary,vertical,258.92,604.5,696.33,251.33,637.33,734.33,696,734,2951.0,junction,junction,0.0,1801.0,329.0,285.0,231.0,,0
18002,bent,,boundary,vertical,259.45,682.73,695.73,251.33,637.33,734.33,696,734,3494.0,junction,junction,0.0,2132.0,329.0,260.0,228.0,,0
18015,bent,,boundary,vertical,303.67,605.0,743.67,298.5,643.79,696.14,696,744,3577.0,junction,junction,0.0,2182.0,349.0,285.0,682.0,,0
18018,bent,,boundary,vertical,303.67,605.0,743.67,337.25,604.17,696.0,696,744,3388.0,junction,junction,0.0,2067.0,349.0,201.0,719.0,,0
18019,bent,,boundary,vertical,381.29,598.0,745.0,337.25,604.17,696.0,696,745,3844.0,junction,junction,0.0,2346.0,349.0,329.0,1594.0,,0
18030,bent,,boundary,vertical,337.8,683.0,695.9,341.33,642.37,744.6,696,745,3691.0,junction,junction,0.0,2252.0,285.0,260.0,766.0,,0
18043,bent,,boundary,vertical,381.29,598.0,745.0,376.64,643.0,696.09,696,745,3871.0,junction,junction,0.0,2362.0,349.0,285.0,412.0,,0
18074,bent,,boundary,vertical,457.0,604.0,737.0,493.7,603.1,696.1,696,737,3193.0,junction,junction,0.0,1948.0,349.0,285.0,225.0,,0
18082,bent,,boundary,vertical,533.0,641.75,696.67,504.0,643.71,745.0,697,745,3277.0,junction,junction,0.0,1999.0,329.0,232.0,593.0,,0
18103,bent,,boundary,vertical,612.9,593.95,745.9,572.0,602.46,697.08,697,746,3734.0,junction,junction,0.0,2278.0,349.0,260.0,796.0,,0
18104,bent,,boundary,vertical,533.0,641.75,696.67,571.67,637.33,743.33,697,743,3530.0,junction,junction,0.0,2154.0,329.0,329.0,674.0,,0
18151,bent,,boundary,flat,764.5,684.0,731.5,727.67,640.0,736.67,732,737,3347.0,junction,junction,0.0,2042.0,232.0,201.0,384.0,,0
18187,bent,,boundary,vertical,61.96,676.25,729.33,66.89,723.0,695.56,696,729,3363.0,junction,junction,0.0,2052.0,285.0,232.0,337.0,,0
18196,bent,,boundary,vertical,66.89,723.0,695.56,102.92,713.58,744.5,696,744,3573.0,junction,junction,0.0,2180.0,329.0,329.0,261.0,,0
18319,bent,,boundary,vertical,458.0,668.67,743.67,415.92,682.15,696.62,697,744,3750.0,junction,junction,0.0,2288.0,329.0,285.0,1079.0,,0
18324,bent,,boundary,vertical,377.0,721.36,696.43,415.5,718.5,741.5,696,742,3448.0,junction,junction,0.0,2104.0,329.0,329.0,329.0,,0
18347,bent,,boundary,vertical,458.0,668.67,743.67,455.07,721.14,696.93,697,744,4086.0,junction,junction,0.0,2493.0,285.0,260.0,353.0,,0
18414,bent,,boundary,vertical,607.67,681.33,743.0,646.56,683.33,697.22,697,743,3492.0,junction,junction,0.0,2131.0,285.0,260.0,396.0,,0
18450,bent,,boundary,vertical,685.08,669.58,745.83,729.0,679.5,699.0,699,746,3774.0,junction,junction,0.0,2303.0,285.0,201.0,241.0,,0
